1760851_1,1760851_1_6,169,174,D004317,0.602225522
24802403_1,24802403_1_3,152,157,D008687,0.602134636
24088636_1,24088636_1_2,76,83,C098010,0.602108172
19681452_1,19681452_1_4,33,42,D001145,0.602104516
7967231_0,7967231_0_6,175,180,C059447,0.602088206
23864035_0,23864035_0_0,7,16,D003907,0.602059554
8985298_1,8985298_1_1,240,245,D019259,0.601978333
9831002_0,9831002_0_1,82,90,D020925,0.601894784
11474137_0,11474137_0_7,10,14,D013481,0.601794419
4082466_0,4082466_0_0,28,33,D009020,0.60177342
7739955_1,7739955_1_3,87,96,D006323,0.60167537
3975902_1,3975902_1_0,23,32,D004342,0.60150021
24675088_1,24675088_1_4,53,58,D009410,0.601312396
12119460_5,12119460_5_5,20,25,D016685,0.601232042
8829135_1,8829135_1_7,80,88,D001058,0.601219905
11936424_3,11936424_3_7,26,33,C055603,0.601203732
8312983_1,8312983_1_2,49,54,C036139,0.601140368
931801_2,931801_2_3,17,21,D005937,0.601086359
12359538_0,12359538_0_3,100,105,D003042,0.600958544
8996419_0,8996419_0_2,82,90,C033273,0.600811102
26002693_1,26002693_1_7,136,145,C031763,0.600673753
9759693_0,9759693_0_5,30,35,D012701,0.600649403
2400986_0,2400986_0_7,101,108,D009369,0.600606707
24209900_0,24209900_0_7,51,56,D009369,0.600605208
24234943_0,24234943_0_4,15,23,C086816,0.600564749
2553470_0,2553470_0_7,15,20,D008094,0.600560483
9061777_1,9061777_1_3,82,92,D010862,0.600407963
7147232_2,7147232_2_0,133,138,D010100,0.600269419
6806735_0,6806735_0_7,59,66,D002945,0.600230097
9158667_0,9158667_0_5,72,77,D014212,0.600160015
3084231_0,3084231_0_7,12,17,D003704,0.600137749
8160791_2,8160791_2_3,42,49,D007674,0.599976277
8748050_1,8748050_1_3,6,11,D020230,0.599939949
24190587_1,24190587_1_3,174,183,D006854,0.599831847
26033014_1,26033014_1_4,117,124,D008224,0.599745034
24275640_1,24275640_1_5,18,24,D004317,0.599676449
1280707_2,1280707_2_3,68,78,D010424,0.599488142
24072398_2,24072398_2_4,110,119,D008694,0.599417484
24641119_0,24641119_0_4,104,109,D003875,0.599404719
24911645_0,24911645_0_6,16,24,C573355,0.599274692
9869655_2,9869655_2_0,77,82,D004997,0.599217204
24345882_1,24345882_1_7,63,68,D054198,0.599003697
15696449_2,15696449_2_2,126,136,D008558,0.598653803
22836123_1,22836123_1_3,58,63,D016559,0.5981196
11936424_3,11936424_3_7,35,42,D011507,0.597837877
6615679_1,6615679_1_5,2,11,D006221,0.597581932
35781_2,35781_2_3,15,25,D003000,0.597540814
24582773_0,24582773_0_6,67,77,D003006,0.597540605
8829135_1,8829135_1_5,123,128,D001058,0.59735124
6299641_1,6299641_1_2,19,28,D007545,0.597291747
1359137_1,1359137_1_0,97,107,D006966,0.597286306
23872883_2,23872883_2_4,163,173,D007545,0.597285229
24659727_0,24659727_0_7,53,61,D003520,0.597253106
2383364_0,2383364_0_3,55,63,C048279,0.597241239
24100257_0,24100257_0_5,22,31,D054549,0.597217047
10672628_0,10672628_0_4,7,12,D009569,0.596803373
8312343_1,8312343_1_3,167,180,D007239,0.59656829
3375885_0,3375885_0_3,33,38,D001172,0.596257675
11708428_2,11708428_2_2,88,98,D001008,0.595990822
6453500_0,6453500_0_3,35,41,D004221,0.595782302
11380496_3,11380496_3_6,121,130,D014657,0.595627716
26033014_0,26033014_0_2,172,182,C051786,0.595382658
24283660_2,24283660_2_2,32,36,D012640,0.595279051
6310832_3,6310832_3_5,78,84,D013203,0.595267617
1905439_0,1905439_0_6,89,94,D016595,0.595145842
3423103_0,3423103_0_6,33,38,D001919,0.595110489
6728873_0,6728873_0_4,147,155,D012640,0.595029478
10327032_1,10327032_1_0,124,129,D000644,0.594960517
24190587_0,24190587_0_4,123,133,D018817,0.594572735
24675088_0,24675088_0_2,78,85,D004317,0.594512943
6106951_2,6106951_2_0,67,72,D012640,0.594465687
2650911_1,2650911_1_3,84,90,D004967,0.594426726
4082466_1,4082466_1_6,6,11,D012640,0.594352878
6517710_1,6517710_1_6,81,88,D012977,0.594292761
24132704_0,24132704_0_0,50,58,D010755,0.593910705
9071336_2,9071336_2_2,147,156,D004317,0.593713371
8603459_0,8603459_0_6,50,60,D066126,0.593651514
10986547_0,10986547_0_7,6,19,C076029,0.593620346
9759693_0,9759693_0_7,23,28,D012701,0.593569977
2553470_3,2553470_3_1,66,75,D013226,0.593516574
2904523_0,2904523_0_1,148,156,D009638,0.593404141
2021990_1,2021990_1_0,135,140,D002927,0.593403108
10672628_1,10672628_1_3,64,68,D006220,0.593354285
24659727_1,24659727_1_7,40,47,D003520,0.593339179
7411769_1,7411769_1_3,32,45,D007213,0.592862603
1837756_1,1837756_1_7,183,188,D010259,0.592643198
24739405_1,24739405_1_0,75,82,D006220,0.592579143
6321816_2,6321816_2_3,33,38,D000809,0.592531213
24341598_2,24341598_2_6,51,61,D001806,0.592529284
25080425_2,25080425_2_3,8,13,D007545,0.59183618
7671401_0,7671401_0_6,115,121,D000806,0.591768839
7661171_0,7661171_0_1,21,26,D007674,0.591618567
1735570_0,1735570_0_6,69,77,D006973,0.591508602
7018927_0,7018927_0_3,40,45,D006220,0.591102752
2173761_2,2173761_2_2,63,70,D005996,0.591068395
23666265_1,23666265_1_6,204,214,D004487,0.590976223
3323599_1,3323599_1_1,144,149,D011692,0.590854335
3533179_3,3533179_3_5,157,162,D007153,0.59077588
11835460_0,11835460_0_3,20,25,D007980,0.59076432
3685052_3,3685052_3_3,8,18,D005481,0.590218875
3423103_1,3423103_1_0,32,39,D001919,0.590179897
24190587_1,24190587_1_5,194,204,D001008,0.590089491
2983630_1,2983630_1_6,31,36,D011595,0.589917244
3289726_0,3289726_0_2,49,56,D019337,0.589904711
24812279_0,24812279_0_6,16,22,D066126,0.589808962
7727612_0,7727612_0_6,22,30,D008140,0.589642832
24451297_0,24451297_0_1,16,25,C065180,0.58954774
12359538_2,12359538_2_2,137,146,D003643,0.589389643
44072_0,44072_0_1,60,68,C013741,0.589356903
753803_0,753803_0_3,94,107,D014810,0.589259235
6106951_2,6106951_2_0,27,32,D005479,0.58917451
8603459_1,8603459_1_0,142,148,D066126,0.588974335
11401944_0,11401944_0_3,25,33,D008133,0.588730486
2400986_0,2400986_0_5,49,62,D020258,0.588698479
10713017_1,10713017_1_1,215,220,D006976,0.588489358
2553470_2,2553470_2_1,98,108,D008094,0.588340193
25096313_0,25096313_0_0,125,133,D010292,0.588070057
23666265_1,23666265_1_5,2,8,C079014,0.588040013
10764869_1,10764869_1_5,41,49,D009901,0.587985842
12165618_2,12165618_2_3,217,225,D007674,0.587985684
3538855_0,3538855_0_1,23,30,D000617,0.587699442
8312343_1,8312343_1_3,242,251,D050197,0.587601959
7727612_0,7727612_0_5,57,65,D008140,0.58754346
1779253_0,1779253_0_0,175,180,D002211,0.587526229
733189_0,733189_0_4,75,80,C000873,0.58745692
9125676_1,9125676_1_7,24,37,D013015,0.587219347
11915580_1,11915580_1_6,24,34,D004008,0.587094137
256433_1,256433_1_3,43,53,D002228,0.587035015
11936424_0,11936424_0_4,41,51,D009401,0.586880233
17721298_0,17721298_0_4,94,102,D003320,0.586863502
10672628_1,10672628_1_7,102,109,D019335,0.586705637
8603459_1,8603459_1_0,88,98,D064730,0.586668245
1756784_0,1756784_0_7,67,74,D004827,0.586479143
10986547_1,10986547_1_3,31,41,D001714,0.586336561
7661171_0,7661171_0_1,73,80,D005355,0.586019103
2021990_0,2021990_0_3,31,37,D006632,0.585972775
10975596_2,10975596_2_4,3,8,D013610,0.585772855
9125676_1,9125676_1_5,86,91,D017180,0.585771934
24999722_2,24999722_2_2,155,160,D002386,0.585592693
18341442_2,18341442_2_1,26,34,D012640,0.585517709
48835_0,48835_0_6,15,20,D007003,0.585395502
24067251_0,24067251_0_7,7,11,D007674,0.58534725
8748050_1,8748050_1_7,68,76,D009459,0.585184197
10985896_0,10985896_0_3,95,103,D010051,0.585171134
10726030_2,10726030_2_5,13,21,D004802,0.585077018
7727612_0,7727612_0_1,146,151,D008140,0.584891669
24067251_0,24067251_0_1,161,166,D058186,0.584800055
20009434_0,20009434_0_1,1,10,D058186,0.584775928
9128918_1,9128918_1_0,123,131,D009638,0.584739278
1905439_0,1905439_0_2,1,9,D003693,0.584602957
6299641_1,6299641_1_1,187,196,D001262,0.584358796
256433_1,256433_1_3,29,38,D014031,0.58422948
11745287_0,11745287_0_3,61,69,D004317,0.58410395
24894748_2,24894748_2_3,22,30,D008790,0.5840961
24309294_0,24309294_0_7,45,50,D012844,0.583961994
7173007_1,7173007_1_5,78,85,D004244,0.583956238
8996419_4,8996419_4_3,11,16,D003276,0.583803406
7173007_0,7173007_0_7,47,54,D007485,0.583687395
8755612_1,8755612_1_2,59,67,D006470,0.583670183
8829135_2,8829135_2_4,65,74,C534628,0.58353271
2718706_1,2718706_1_4,208,213,D007530,0.583343195
448423_2,448423_2_7,55,62,D007674,0.583290132
25084821_0,25084821_0_3,68,77,D009503,0.583203067
448423_2,448423_2_1,72,82,D015119,0.583184843
24691439_0,24691439_0_6,41,51,D009798,0.58315313
12372954_1,12372954_1_6,47,56,D005334,0.582923079
23666265_0,23666265_0_3,70,78,D003520,0.582922898
24733133_0,24733133_0_6,13,21,D055499,0.582804634
3125850_1,3125850_1_2,49,59,D014867,0.582737557
3864191_2,3864191_2_5,84,90,D007674,0.582673708
24333387_0,24333387_0_3,10,23,D020258,0.582664717
3990093_0,3990093_0_5,6,13,D007674,0.582550559
1158089_2,1158089_2_6,68,73,D014280,0.58247356
3475563_0,3475563_0_7,18,25,D001507,0.582283725
24923469_0,24923469_0_3,201,210,D014031,0.582229426
10401555_1,10401555_1_0,100,110,D012601,0.581940257
25119790_2,25119790_2_0,6,11,D010100,0.581586563
2320485_0,2320485_0_3,99,105,D008750,0.581185785
3074291_0,3074291_0_3,22,27,D013806,0.581081546
24739405_3,24739405_3_6,50,55,D003687,0.581016933
3685052_3,3685052_3_3,24,30,D012640,0.580767568
3711722_1,3711722_1_6,116,121,D003324,0.580327173
2884595_1,2884595_1_2,8,17,D014917,0.580295041
1756784_0,1756784_0_1,15,23,D010862,0.580253634
439781_0,439781_0_3,1,11,D007213,0.580206431
3895875_1,3895875_1_4,113,118,D008012,0.579866975
25096313_0,25096313_0_1,132,137,D013256,0.579845742
9578276_0,9578276_0_2,12,17,C020731,0.579787034
11423811_1,11423811_1_1,73,80,D003042,0.579740863
25986755_0,25986755_0_7,103,108,D005921,0.579670574
23872883_1,23872883_1_4,60,68,D008315,0.579346951
1837756_1,1837756_1_6,64,70,D011605,0.579340261
891494_0,891494_0_5,1,9,D010672,0.57930646
24333387_3,24333387_3_3,80,85,D020258,0.579051392
1361574_0,1361574_0_7,131,136,D005680,0.578363414
2358093_0,2358093_0_6,150,159,D015430,0.578215368
9759693_0,9759693_0_6,131,141,D009203,0.577886489
12119460_5,12119460_5_5,54,59,D002945,0.577874192
24684312_0,24684312_0_3,35,40,D006930,0.577356774
2974281_1,2974281_1_1,82,91,D006984,0.577181305
1424076_1,1424076_1_1,52,57,D003907,0.577179576
3708328_0,3708328_0_3,98,103,D012640,0.577110957
2173761_2,2173761_2_4,10,15,D020110,0.577084689
24802403_0,24802403_0_4,101,109,D003072,0.57707223
20009434_0,20009434_0_6,74,84,D058186,0.576925034
9128918_2,9128918_2_0,2,12,D009638,0.57688345
8603459_0,8603459_0_3,100,109,D004317,0.576835804
12051122_2,12051122_2_5,10,18,D014750,0.576787812
11474137_0,11474137_0_3,6,19,D003300,0.576763024
7661171_1,7661171_1_3,171,176,D016595,0.576744557
3538855_1,3538855_1_3,84,89,D012769,0.57669556
24842192_2,24842192_2_0,9,14,D007545,0.576446039
24894748_1,24894748_1_0,84,92,D064420,0.57644239
24778426_2,24778426_2_3,80,88,D008353,0.576343246
24971338_2,24971338_2_7,71,79,D007674,0.576325258
24739405_0,24739405_0_3,79,84,D000661,0.575991139
23666265_2,23666265_2_1,74,83,D003556,0.575937836
8135424_4,8135424_4_3,106,114,D012640,0.575459897
8996419_4,8996419_4_5,81,94,D054556,0.57539389
6310832_2,6310832_2_5,74,79,D016470,0.575220601
8135424_1,8135424_1_0,37,47,D003975,0.575161752
24100055_0,24100055_0_1,48,53,D013921,0.575150344
24100055_0,24100055_0_6,70,76,D006975,0.574952609
24894748_0,24894748_0_4,2,7,D008790,0.574725786
10726030_0,10726030_0_4,25,30,D006493,0.574692782
7176945_0,7176945_0_3,8,13,D010146,0.574672946
24158386_2,24158386_2_3,189,197,C056507,0.574301068
12051122_0,12051122_0_2,80,85,D007177,0.573594537
24100257_1,24100257_1_0,16,22,D002637,0.573567467
931801_2,931801_2_3,82,87,D007674,0.573539566
24459006_1,24459006_1_2,105,109,D015725,0.573468267
12372954_0,12372954_0_3,17,21,D009530,0.573328218
10985896_2,10985896_2_5,4,9,D017239,0.573123201
2767010_0,2767010_0_0,86,91,D010672,0.573040091
2718706_2,2718706_2_3,36,44,D004737,0.572868455
24999722_2,24999722_2_6,159,164,D009798,0.572797487
2239937_0,2239937_0_3,119,123,D007674,0.572658247
3895875_2,3895875_2_5,3,8,D007022,0.572572424
3685052_3,3685052_3_3,33,38,D012640,0.572494521
15696449_2,15696449_2_1,50,59,D008558,0.572444618
24840785_1,24840785_1_7,31,36,D000157,0.572434257
26033014_1,26033014_1_7,21,29,C051786,0.572273119
1837756_1,1837756_1_5,101,106,D010259,0.57223981
11708428_1,11708428_1_0,55,65,D001008,0.571795326
2173761_0,2173761_0_2,179,189,D020110,0.571645098
256433_0,256433_0_4,35,41,D009503,0.571410283
24733133_1,24733133_1_0,2,7,D013921,0.571249402
733189_0,733189_0_1,4,8,D015356,0.571221925
8188982_1,8188982_1_6,71,76,D001127,0.570973077
2718706_3,2718706_3_3,115,124,D007741,0.570553778
25054547_1,25054547_1_6,15,20,D003992,0.570471904
24691439_1,24691439_1_1,3,10,D005901,0.570195488
24840785_1,24840785_1_6,48,58,D002118,0.570116859
12165618_1,12165618_1_6,157,162,D003404,0.570103759
7492040_0,7492040_0_4,37,45,D008012,0.570068364
23433219_2,23433219_2_2,23,32,D000987,0.569987611
3711722_0,3711722_0_3,23,28,D006333,0.569651027
12119460_2,12119460_2_6,138,147,D016685,0.569538722
24684312_3,24684312_3_3,51,59,D002211,0.569439489
24132704_2,24132704_2_1,5,10,D002784,0.569215195
4082466_0,4082466_0_3,44,49,D009020,0.569021526
8667442_0,8667442_0_6,9,22,D002117,0.569005568
11745287_0,11745287_0_3,14,21,D004317,0.568999234
2553470_1,2553470_1_0,65,72,D010862,0.568730407
3975902_1,3975902_1_1,92,105,D014991,0.56871207
3191389_0,3191389_0_3,48,58,D013226,0.568680161
3375885_0,3375885_0_5,7,12,D007213,0.568211736
7173007_0,7173007_0_2,31,36,C025504,0.568028986
1361574_2,1361574_2_3,191,196,D007538,0.567960962
1837756_2,1837756_2_4,6,16,D012701,0.567511484
18341442_0,18341442_0_6,76,84,C562694,0.567419064
24840785_2,24840785_2_7,2,9,D009202,0.567175331
1837756_0,1837756_0_3,60,65,D000639,0.567171508
6321816_1,6321816_1_4,9,14,D003900,0.567065076
7457821_0,7457821_0_7,68,78,D005045,0.567053544
8392553_1,8392553_1_6,9,18,D004837,0.566969963
24881749_0,24881749_0_2,59,68,D009459,0.566877877
24971338_1,24971338_1_3,67,76,D020123,0.566788575
2974281_1,2974281_1_3,38,47,D006332,0.566702411
11380496_0,11380496_0_7,120,127,D011441,0.566678414
3987172_1,3987172_1_1,59,65,D010665,0.566605441
17721298_1,17721298_1_6,148,153,D007239,0.566277042
20431083_3,20431083_3_4,39,44,D014859,0.566228422
25006369_2,25006369_2_6,61,65,D063806,0.56622475
20431083_2,20431083_2_0,32,37,D002546,0.566134282
256433_2,256433_2_3,161,171,D003404,0.566053996
24100257_0,24100257_0_0,109,118,D008945,0.566047045
1760851_3,1760851_3_6,15,22,D004317,0.565694897
7661171_2,7661171_2_4,30,35,D007213,0.565601456
24717468_1,24717468_1_7,69,76,D007022,0.565533503
24840785_2,24840785_2_0,139,143,D001710,0.565480809
10087562_1,10087562_1_5,41,51,D004280,0.565356561
7248895_1,7248895_1_6,82,90,D011471,0.565305803
816141_0,816141_0_3,43,51,D002512,0.565219206
11915580_2,11915580_2_7,175,180,D004008,0.565212132
1423336_0,1423336_0_3,41,51,D010300,0.565148415
2974281_1,2974281_1_2,128,133,D006332,0.565122647
24333387_1,24333387_1_1,100,106,D064420,0.564742348
3155884_2,3155884_2_7,62,70,D002395,0.564724469
8755612_2,8755612_2_5,27,33,D006470,0.564689525
25084821_0,25084821_0_3,17,25,D006528,0.564618289
12372954_2,12372954_2_2,96,101,D009530,0.564596919
11423811_1,11423811_1_1,5,13,D003042,0.564203505
11385188_0,11385188_0_5,13,23,D003042,0.564072533
8825380_0,8825380_0_3,57,67,D011692,0.563993345
11176729_2,11176729_2_3,16,21,D006947,0.563990055
6316193_0,6316193_0_7,22,35,D012640,0.563789456
6321816_2,6321816_2_5,67,74,D006973,0.563507501
9646784_0,9646784_0_6,45,49,D006493,0.563478338
24729111_0,24729111_0_3,25,32,D001919,0.563390703
448423_0,448423_0_4,33,38,D015119,0.563250077
23666265_1,23666265_1_3,97,105,D003520,0.563130418
89511_2,89511_2_7,9,16,D004714,0.563111634
3423103_0,3423103_0_1,142,152,D007022,0.563091692
7644931_0,7644931_0_3,60,68,D016190,0.563054992
3475563_1,3475563_1_4,44,53,D006685,0.56295071
1655018_0,1655018_0_3,18,23,D000728,0.562723268
10933650_2,10933650_2_1,19,29,C059765,0.562491213
11105626_0,11105626_0_1,61,69,D015474,0.562440567
23952588_3,23952588_3_0,23,28,D007980,0.562429936
3864191_0,3864191_0_3,41,51,D007674,0.562411755
3812624_0,3812624_0_7,19,28,D002220,0.562328975
17554526_1,17554526_1_1,79,84,D018817,0.562290217
11474137_0,11474137_0_1,18,31,D007612,0.562253327
11474137_2,11474137_2_3,196,206,D006311,0.562146742
920167_0,920167_0_1,24,33,D014859,0.562046916
3975902_2,3975902_2_2,182,192,D001464,0.562001287
3538855_0,3538855_0_7,82,87,D000617,0.561965706
24132704_2,24132704_2_3,82,90,C029036,0.561846285
1735570_1,1735570_1_5,143,152,D006973,0.561710535
24664478_1,24664478_1_1,44,49,D015275,0.561376599
24928523_0,24928523_0_3,17,26,D003907,0.561192406
12059909_0,12059909_0_6,93,98,D003520,0.561073982
9889429_1,9889429_1_3,137,142,D005885,0.560958423
6106951_1,6106951_1_4,31,39,D064420,0.560692588
9158667_2,9158667_2_1,34,42,D015473,0.560592665
1756784_1,1756784_1_6,225,230,D001929,0.560359545
12452552_0,12452552_0_3,1,6,D009459,0.560343444
9071336_0,9071336_0_3,6,16,D005472,0.559978797
7931490_3,7931490_3_0,57,61,D017829,0.559943668
1360900_1,1360900_1_5,24,33,D016202,0.559890758
24582773_2,24582773_2_0,26,32,D011595,0.559770284
12165618_0,12165618_0_2,104,113,D007674,0.559746798
9782254_0,9782254_0_1,49,59,D018476,0.559723685
24100257_0,24100257_0_3,35,44,D054549,0.55916068
11380496_0,11380496_0_3,156,165,D011441,0.559141953
12165618_0,12165618_0_1,34,42,D019469,0.559109861
3088653_1,3088653_1_7,23,31,D009270,0.559098982
25907210_1,25907210_1_5,166,179,D008175,0.559011751
2710809_1,2710809_1_1,15,20,D009921,0.558914793
3191389_0,3191389_0_2,97,102,D007213,0.558530961
3538855_1,3538855_1_0,132,142,D000617,0.558479338
851038_0,851038_0_5,18,23,D007008,0.558277993
24434397_1,24434397_1_1,71,80,D014148,0.558226627
10975596_1,10975596_1_3,204,208,C118667,0.558208031
753803_0,753803_0_6,124,132,D009136,0.558048605
25119790_1,25119790_1_6,102,110,D007674,0.558044791
24100055_0,24100055_0_2,98,106,D006493,0.558041159
25071004_0,25071004_0_7,46,53,C039726,0.557886177
2765447_0,2765447_0_6,18,25,D004830,0.557864129
18341442_2,18341442_2_0,31,36,C026098,0.557853848
24571687_0,24571687_0_0,165,173,D001919,0.557758694
11474137_0,11474137_0_0,40,50,D006311,0.557703233
10390729_3,10390729_3_2,54,59,D009069,0.557554777
24659727_0,24659727_0_5,22,34,D008223,0.557469235
3088653_2,3088653_2_3,36,41,D009270,0.557156961
7173007_0,7173007_0_2,36,40,C025504,0.55695789
1158089_1,1158089_1_3,55,60,D014280,0.55684397
6106951_3,6106951_3_3,30,40,D004827,0.556840406
7671401_0,7671401_0_6,20,33,D000806,0.556693347
2904523_0,2904523_0_5,142,147,D004837,0.556608757
9158667_2,9158667_2_6,20,28,D058186,0.556367501
2453942_0,2453942_0_1,82,87,D005680,0.556211596
4082192_3,4082192_3_0,22,27,D007674,0.556177
8659767_2,8659767_2_3,75,83,D009203,0.555956296
7949506_0,7949506_0_3,32,41,D003000,0.555929757
11380496_3,11380496_3_3,29,38,D005334,0.555744844
10939760_0,10939760_0_0,17,25,D013411,0.555715974
24091473_1,24091473_1_6,250,256,D004837,0.555533672
19681452_1,19681452_1_3,50,56,D000431,0.555424408
10401555_2,10401555_2_3,218,222,D012601,0.555254576
3746148_2,3746148_2_7,16,21,D003866,0.554450064
9158667_2,9158667_2_7,55,60,D015473,0.554293819
3074291_0,3074291_0_6,46,51,C017590,0.554091979
7176945_0,7176945_0_1,72,80,D013390,0.554032799
6695685_0,6695685_0_5,119,127,D002637,0.554030757
24641119_0,24641119_0_7,7,14,D007654,0.553971672
1735570_0,1735570_0_1,19,27,D006973,0.553882359
3864191_3,3864191_3_6,36,49,D011453,0.553862886
9869655_1,9869655_1_3,21,30,D002784,0.553648572
35781_4,35781_4_0,9,19,D015306,0.553543857
24902786_2,24902786_2_1,41,50,D013739,0.553452897
3708328_1,3708328_1_2,88,96,D005680,0.553432124
11366874_0,11366874_0_3,6,16,D001145,0.553215822
24684312_2,24684312_2_5,199,209,D006930,0.553180231
2983630_3,2983630_3_1,20,24,D001008,0.553096474
23535177_0,23535177_0_6,126,131,D004409,0.552963848
8829135_0,8829135_0_3,1,8,C058876,0.552770655
9782254_0,9782254_0_6,55,64,D009127,0.55269371
6316193_0,6316193_0_6,15,27,D010852,0.552672267
3423103_0,3423103_0_3,27,32,D007022,0.552653782
1615846_2,1615846_2_1,154,164,D009212,0.552636279
439781_0,439781_0_2,6,11,D007022,0.55256723
35781_1,35781_1_2,89,94,D009020,0.552271148
1837756_1,1837756_1_3,47,52,D011605,0.552193977
24309294_2,24309294_2_0,79,84,D008569,0.55208838
1779253_0,1779253_0_3,8,13,D002211,0.552067819
24072398_2,24072398_2_6,9,14,D014443,0.552026568
6299641_1,6299641_1_3,164,169,D011433,0.55188178
2553470_1,2553470_1_1,62,67,D008094,0.551787332
10390729_2,10390729_2_7,83,88,D011803,0.551692363
10390729_1,10390729_1_6,15,21,D011803,0.551557
20431083_0,20431083_0_3,72,77,D002543,0.551534079
1424076_1,1424076_1_5,13,18,D007177,0.551463052
11423811_1,11423811_1_3,162,169,D018476,0.551438209
24927617_0,24927617_0_4,37,46,D006526,0.550903256
9125676_4,9125676_4_5,48,56,D016171,0.550848919
24733133_3,24733133_3_2,8,12,D014859,0.550795296
12678199_1,12678199_1_6,28,37,D001919,0.550653966
2400986_2,2400986_2_6,111,119,D002066,0.550625597
7369302_1,7369302_1_1,1,6,D064420,0.550546688
24842192_1,24842192_1_3,89,96,D007545,0.550367518
2429800_1,2429800_1_0,37,43,D002927,0.55021925
6316193_0,6316193_0_0,25,33,D002766,0.55013985
24902786_2,24902786_2_0,88,96,D013629,0.550066873
2553470_3,2553470_3_0,16,29,D010862,0.550036549
3708328_3,3708328_3_7,75,80,D012640,0.549827338
2553470_3,2553470_3_7,2,10,D010862,0.549780356
10327032_0,10327032_0_5,102,111,D008107,0.549770904
1449452_1,1449452_1_6,94,104,D009203,0.549602777
6585590_2,6585590_2_5,85,89,D009369,0.549582187
2767010_0,2767010_0_7,74,79,C043114,0.549495943
7121659_0,7121659_0_6,17,25,D051437,0.549433626
89511_0,89511_0_3,65,75,D011372,0.54935455
24068571_0,24068571_0_6,246,254,D011183,0.549182849
3895875_1,3895875_1_1,158,163,D008012,0.549101993
23952588_2,23952588_2_6,92,100,D004409,0.549095854
9125676_4,9125676_4_3,125,134,D013015,0.548935766
7477981_0,7477981_0_3,15,21,D005473,0.548774395
24158386_2,24158386_2_6,53,58,C056507,0.548231163
11380496_3,11380496_3_3,29,38,D005334,0.548153846
11423811_1,11423811_1_1,5,13,D003042,0.548100976
23892921_1,23892921_1_7,161,166,C400082,0.547871434
6316193_0,6316193_0_2,37,45,D002766,0.547800495
1359137_0,1359137_0_2,32,40,D006966,0.547622407
8135424_1,8135424_1_5,2,7,D001569,0.547590105
10672628_1,10672628_1_7,79,86,D002375,0.547202495
733189_1,733189_1_0,38,48,D006470,0.547172225
256433_2,256433_2_3,30,34,D007239,0.547036231
24727461_2,24727461_2_7,12,17,C005975,0.547025319
48835_1,48835_1_6,7,17,D007003,0.546982955
10462057_3,10462057_3_1,97,104,D001554,0.546955229
18341442_0,18341442_0_6,109,114,C562694,0.546806663
9128918_1,9128918_1_0,123,131,D009638,0.546720935
24816962_0,24816962_0_4,47,52,D001927,0.546415166
3864191_1,3864191_1_3,222,227,D015232,0.546375952
3987172_0,3987172_0_1,1,10,D011433,0.546357946
11988250_0,11988250_0_4,32,37,D000860,0.546256858
24709919_0,24709919_0_4,27,36,D006930,0.546218336
8829135_0,8829135_0_3,7,12,C058876,0.546113346
24739405_2,24739405_2_5,85,95,D000661,0.546109117
3375885_0,3375885_0_2,19,27,D005438,0.546016824
24100055_2,24100055_2_3,64,73,D013921,0.546011419
8392553_3,8392553_3_7,83,88,C056595,0.545966761
11936424_1,11936424_1_6,53,61,D011692,0.54586163
8160791_0,8160791_0_7,52,62,D005839,0.545737113
3533179_0,3533179_0_1,44,57,D003520,0.545578147
25084821_0,25084821_0_2,60,68,D006402,0.545556122
25080425_0,25080425_0_0,58,67,D001622,0.545508787
10975596_0,10975596_0_2,25,31,D009203,0.545446808
3191389_0,3191389_0_5,19,32,D010862,0.545155066
24587916_2,24587916_2_3,14,23,D006861,0.545087888
2767010_1,2767010_1_0,62,67,C043114,0.544948082
24464946_0,24464946_0_0,54,63,D009202,0.544939408
24684312_2,24684312_2_3,113,118,D018698,0.544686415
24220752_0,24220752_0_0,87,95,D003287,0.544633109
7248895_0,7248895_0_3,14,19,D003520,0.544595688
24209900_2,24209900_2_4,26,34,D013226,0.544375661
10390729_3,10390729_3_1,5,14,D015761,0.544226317
24802403_2,24802403_2_3,90,97,D012640,0.544212625
3409843_0,3409843_0_4,38,43,D004827,0.54413349
8748050_0,8748050_0_1,7,15,D000639,0.544125887
448423_1,448423_1_5,58,68,D015119,0.543826712
7121659_0,7121659_0_0,31,41,D013921,0.543378165
24684312_3,24684312_3_1,66,71,D006930,0.542907497
256433_3,256433_3_5,10,23,D014031,0.542852985
2625524_1,2625524_1_6,49,59,D012640,0.54283123
9128918_3,9128918_3_7,31,36,D006966,0.542744847
11229942_3,11229942_3_4,131,137,D003042,0.542565857
9128918_0,9128918_0_2,3,11,D006966,0.542363404
3746148_3,3746148_3_1,43,49,D003324,0.542317558
2358093_0,2358093_0_3,7,12,D003613,0.542297783
10390729_3,10390729_3_1,60,67,D009020,0.542022085
3832950_0,3832950_0_0,1,9,D002998,0.541961015
2383364_1,2383364_1_3,124,129,D012837,0.541944748
10427794_0,10427794_0_3,19,29,D001172,0.541576023
24727461_3,24727461_3_3,52,57,D004317,0.541494901
3191389_0,3191389_0_5,19,32,D010862,0.541362496
8659767_0,8659767_0_3,30,35,D002045,0.541215735
931801_0,931801_0_3,21,30,D003681,0.541191868
2131034_0,2131034_0_3,16,21,D013852,0.541179067
3895875_0,3895875_0_2,72,76,D014693,0.541136022
10933650_1,10933650_1_1,37,42,D000666,0.540744463
1451544_0,1451544_0_4,28,33,D017275,0.540718294
2320485_1,2320485_1_4,25,35,D013575,0.540412182
7739955_0,7739955_0_4,57,65,D009202,0.540326948
23949582_1,23949582_1_2,74,79,D015080,0.540222897
10960401_0,10960401_0_3,62,67,D009020,0.540155695
11936424_3,11936424_3_2,155,163,D011692,0.540063354
11401944_1,11401944_1_3,117,122,C086123,0.539959975
24209900_0,24209900_0_7,51,56,D009369,0.539893771
24554916_1,24554916_1_1,58,66,D056486,0.539820675
7739955_0,7739955_0_4,167,180,D001145,0.539700453
24778426_2,24778426_2_1,49,54,D002945,0.539499997
24971338_0,24971338_0_7,66,71,D020123,0.539327756
24333387_0,24333387_0_1,59,64,D013311,0.539182969
2625524_1,2625524_1_3,87,97,D006220,0.53914918
11366874_0,11366874_0_1,30,38,D001145,0.539102414
24641119_0,24641119_0_6,24,29,D003875,0.538937422
1760851_0,1760851_0_3,60,69,D064420,0.538897552
8135424_1,8135424_1_0,29,36,D003042,0.538887094
7411769_1,7411769_1_3,27,35,D011188,0.538745991
6893265_0,6893265_0_6,26,33,D056486,0.538443333
24691439_0,24691439_0_5,68,72,C562750,0.538077719
24659727_0,24659727_0_3,5,13,D008130,0.537782204
25119790_2,25119790_2_0,6,11,D010100,0.537490617
3708328_1,3708328_1_5,97,110,D018698,0.5373731
10726030_3,10726030_3_5,11,16,D011317,0.537361085
10726030_1,10726030_1_3,30,35,D006493,0.53735131
18341442_2,18341442_2_1,41,46,D012640,0.537336389
1905439_0,1905439_0_6,89,94,D016595,0.537179242
8135424_1,8135424_1_5,2,7,D001569,0.537100062
24659727_1,24659727_1_6,5,10,D008223,0.536848394
3383127_0,3383127_0_3,11,16,D066126,0.536803305
3895875_1,3895875_1_1,158,163,D008012,0.536802611
24928523_2,24928523_2_5,28,33,D010523,0.536768922
3925479_0,3925479_0_3,9,19,D006220,0.536604945
8996419_4,8996419_4_5,117,121,D017135,0.536520622
1615846_1,1615846_1_6,41,49,D002784,0.536341875
10390729_0,10390729_0_1,53,62,D011803,0.536223194
24684312_0,24684312_0_1,5,14,D018698,0.535910958
2907577_1,2907577_1_4,18,26,C034347,0.535886427
24535067_1,24535067_1_0,183,192,D005045,0.535568762
24665854_1,24665854_1_0,82,87,D014635,0.53538638
7248895_2,7248895_2_2,76,85,D003520,0.535028927
24739405_2,24739405_2_4,173,178,D002375,0.534939902
10087562_0,10087562_0_6,26,34,D002311,0.534922136
24653743_0,24653743_0_6,35,40,C042288,0.534800067
24588023_0,24588023_0_3,4,13,D014148,0.534607123
9323412_0,9323412_0_3,113,126,D015742,0.534572684
12051122_0,12051122_0_0,22,27,D014750,0.534566418
2907577_1,2907577_1_3,87,96,D010130,0.534476651
8392553_3,8392553_3_7,83,88,C056595,0.534451196
23952588_0,23952588_0_2,36,41,D007980,0.534269436
2173761_2,2173761_2_5,89,95,D020110,0.534234032
8135424_3,8135424_3_4,18,27,D003042,0.534197747
10726030_1,10726030_1_3,43,50,D006493,0.533882375
24459006_1,24459006_1_3,62,70,D015725,0.533845561
8659767_2,8659767_2_3,25,34,D017180,0.533820134
24434397_1,24434397_1_2,21,29,D014148,0.533786045
24894748_2,24894748_2_0,75,83,D008790,0.533687931
4010471_0,4010471_0_6,9,19,D012640,0.533683289
23864035_0,23864035_0_3,55,61,D003907,0.533615401
2767010_1,2767010_1_0,62,67,C043114,0.533304254
4082192_0,4082192_0_5,27,32,C002887,0.533193687
3975902_1,3975902_1_1,92,105,D014991,0.53311899
25041770_1,25041770_1_3,74,82,D019821,0.533068776
24209900_0,24209900_0_2,31,40,D007069,0.532852318
10401555_2,10401555_2_3,76,85,C096012,0.532760118
24881749_1,24881749_1_2,21,28,D063325,0.532718523
3708328_4,3708328_4_6,30,39,D010862,0.532243777
2650911_0,2650911_0_4,7,15,D004967,0.532236806
17721298_1,17721298_1_6,148,153,D007239,0.53221744
8985298_0,8985298_0_1,62,67,D006509,0.532127128
24999722_0,24999722_0_3,161,169,D005446,0.532086817
7378868_1,7378868_1_7,99,105,D014313,0.532042304
11425091_0,11425091_0_4,122,135,D007235,0.531172816
1615846_0,1615846_0_3,62,70,D008148,0.530853409
12678199_1,12678199_1_0,67,72,D000638,0.530813055
9578276_0,9578276_0_2,12,17,C020731,0.530770336
24840785_0,24840785_0_3,7,20,D002118,0.530526653
8819482_0,8819482_0_6,32,42,D023921,0.530389614
1779253_1,1779253_1_0,9,19,D008413,0.530377396
11401944_0,11401944_0_7,86,91,D016171,0.530286659
23433219_3,23433219_3_1,43,53,D008694,0.530231864
9061777_3,9061777_3_5,14,18,D010862,0.530134574
24100055_2,24100055_2_3,64,73,D013921,0.530002963
24068571_0,24068571_0_5,183,191,D003221,0.529772621
8659767_0,8659767_0_3,30,35,D002045,0.529674997
7121659_0,7121659_0_7,49,56,D012293,0.529647581
20431083_3,20431083_3_0,210,218,D002543,0.529399757
11799346_0,11799346_0_7,7,14,D001714,0.529397718
11229942_2,11229942_2_0,15,20,D000431,0.529388475
816141_0,816141_0_6,17,24,D007674,0.529360158
24100257_0,24100257_0_7,66,71,D054058,0.529293354
7457821_1,7457821_1_2,35,44,D012140,0.529275529
25054547_0,25054547_0_5,104,110,D013390,0.529151629
8659767_3,8659767_3_6,70,80,D002045,0.528943098
10672628_0,10672628_0_4,22,26,D002375,0.528929081
816141_0,816141_0_6,17,24,D007674,0.528852874
8188982_1,8188982_1_4,139,151,D001127,0.528685072
1117341_0,1117341_0_7,62,69,D006030,0.528380277
9125676_4,9125676_4_3,90,94,D017180,0.528160491
25054547_1,25054547_1_4,6,10,D001588,0.52808851
7378868_1,7378868_1_7,99,105,D014313,0.528086247
4082192_2,4082192_2_3,20,28,C002887,0.52805579
7457821_1,7457821_1_2,35,44,D012140,0.52804013
6529939_1,6529939_1_5,246,255,D012848,0.527906891
6585590_1,6585590_1_6,125,131,D004317,0.52789094
1280707_2,1280707_2_1,91,96,D001145,0.527507746
7378868_0,7378868_0_0,37,42,D006221,0.527494195
24209900_0,24209900_0_2,31,40,D007069,0.52746548
6453500_0,6453500_0_6,9,14,D004221,0.527332288
11936424_1,11936424_1_6,53,61,D011692,0.527300836
24812279_0,24812279_0_6,31,39,D004317,0.527250569
8312343_2,8312343_2_3,17,25,D006973,0.527241798
11936424_1,11936424_1_0,44,54,D009401,0.526905458
3864191_0,3864191_0_3,112,121,D007681,0.526761022
24100257_0,24100257_0_0,8,16,D054549,0.526535043
6695685_0,6695685_0_7,35,42,D001145,0.526305861
8188982_0,8188982_0_5,36,41,D001127,0.526187351
24709919_0,24709919_0_7,14,19,D006930,0.526021275
23433219_3,23433219_3_1,43,53,D008694,0.525897513
920167_0,920167_0_3,84,89,D014859,0.525709447
24739405_3,24739405_3_4,80,90,D003687,0.525675136
9128918_0,9128918_0_2,3,11,D006966,0.525653258
6106951_0,6106951_0_0,74,84,D012640,0.52532849
1420650_1,1420650_1_6,33,42,D003024,0.525239829
2217015_0,2217015_0_6,13,23,D051437,0.525131287
25071004_0,25071004_0_5,4,10,D000740,0.52506974
2931989_0,2931989_0_5,9,18,D015474,0.525054762
4082192_2,4082192_2_0,39,44,D007674,0.524983313
8748050_0,8748050_0_1,7,15,D000639,0.52497269
15696449_2,15696449_2_6,44,52,D058186,0.52481548
25006961_0,25006961_0_6,18,26,D018500,0.524719842
9831002_0,9831002_0_2,10,15,D008774,0.524356326
1735570_0,1735570_0_6,249,258,D014294,0.524307352
24816962_0,24816962_0_5,102,110,D064420,0.524278903
15696449_1,15696449_1_7,58,68,D008558,0.524187452
23666265_0,23666265_0_3,154,162,D003520,0.524142253
6893265_0,6893265_0_6,26,33,D056486,0.524082598
24778426_2,24778426_2_1,26,31,D058186,0.523949405
3864191_0,3864191_0_4,88,92,D001663,0.523821024
9158667_1,9158667_1_3,48,53,D014212,0.523673483
24923469_0,24923469_0_3,195,205,D005839,0.523286063
24614773_0,24614773_0_3,38,46,D003221,0.523211226
12119460_5,12119460_5_3,18,23,D002955,0.523155229
15696449_0,15696449_0_4,12,19,D008558,0.523080139
1760851_2,1760851_2_6,64,69,D004317,0.522987299
23871786_0,23871786_0_0,6,14,C006780,0.522911315
35781_2,35781_2_3,15,25,D003000,0.522880739
24040781_0,24040781_0_3,21,26,D000686,0.522607746
8985298_0,8985298_0_1,105,110,D006514,0.522585287
24675088_0,24675088_0_0,89,97,D009202,0.52248984
6585590_1,6585590_1_0,65,70,D004317,0.522322064
24234943_1,24234943_1_1,2,9,D001008,0.522315278
931801_1,931801_1_5,64,69,D002952,0.52223193
11401944_1,11401944_1_3,117,122,C086123,0.522231038
8188982_1,8188982_1_5,4,8,D006973,0.522113242
10770468_1,10770468_1_1,88,95,D008094,0.522008108
10672628_0,10672628_0_0,85,90,D002375,0.521920396
24587916_0,24587916_0_3,108,118,D003907,0.521801463
7369302_1,7369302_1_1,1,6,D064420,0.521794866
2614930_0,2614930_0_2,6,14,D001919,0.521639782
6310832_1,6310832_1_5,73,78,D007239,0.521291591
931801_0,931801_0_1,28,36,D058186,0.521263186
2625524_0,2625524_0_6,22,28,D006220,0.52117867
7315949_0,7315949_0_6,133,143,D006547,0.521126633
3439580_2,3439580_2_2,25,29,D009447,0.521095384
24333387_1,24333387_1_7,60,65,D013311,0.521051373
10713017_1,10713017_1_0,105,110,D005277,0.520877231
1556529_0,1556529_0_7,1,6,D015215,0.52084174
10975596_1,10975596_1_7,118,125,D007545,0.520822858
8748050_0,8748050_0_7,24,31,D020230,0.52076461
11395263_0,11395263_0_3,18,27,D007545,0.520661322
25071004_0,25071004_0_0,118,123,D008288,0.520605879
7378868_0,7378868_0_0,37,42,D006221,0.520586597
9646784_1,9646784_1_2,3,10,D013921,0.520436851
1760851_1,1760851_1_3,86,92,D005688,0.520344864
24554916_1,24554916_1_1,58,66,D056486,0.52012875
24114426_1,24114426_1_4,58,63,D018817,0.519705792
24114426_3,24114426_3_4,53,58,D018817,0.519490479
256433_2,256433_2_1,76,84,D016905,0.519355559
9869655_3,9869655_3_3,68,73,D013261,0.519325327
1556529_0,1556529_0_3,7,12,D056486,0.519187725
10764869_0,10764869_0_1,54,62,D016559,0.519013745
6615679_0,6615679_0_4,51,56,D013999,0.519004963
7644931_1,7644931_1_3,137,149,D017239,0.518996203
3746148_1,3746148_1_2,59,67,D003866,0.51894973
7479194_1,7479194_1_1,66,72,D008107,0.518818662
26033014_1,26033014_1_7,21,29,C051786,0.518808914
25084821_0,25084821_0_2,60,68,D006402,0.518769792
7147232_2,7147232_2_0,203,209,D009599,0.518698335
3987172_1,3987172_1_6,24,32,D006973,0.518633999
3812624_0,3812624_0_3,107,115,D002220,0.518424834
24451297_1,24451297_1_1,12,20,D003401,0.518395932
3746148_2,3746148_2_7,33,38,D056988,0.51821341
2625524_2,2625524_2_3,7,14,D000661,0.517373898
6310832_4,6310832_4_0,99,104,D020031,0.517238015
24691439_0,24691439_0_5,68,72,C562750,0.51720993
2383364_2,2383364_2_1,9,15,C048279,0.517196279
35781_1,35781_1_3,44,49,D009638,0.517016224
3833372_0,3833372_0_0,50,57,D013999,0.516995992
24739405_1,24739405_1_0,75,82,D006220,0.51690538
24684312_3,24684312_3_1,66,71,D006930,0.516764861
25119790_1,25119790_1_5,54,59,D012964,0.516691524
25119790_2,25119790_2_6,92,100,D003474,0.516625693
2383364_1,2383364_1_3,95,100,D012837,0.516464819
44072_0,44072_0_7,181,186,D002725,0.516356598
9132810_0,9132810_0_6,11,19,D056784,0.516342084
24582773_0,24582773_0_6,91,101,D008094,0.516325567
11401944_1,11401944_1_1,197,202,D013015,0.516230975
10713017_1,10713017_1_0,105,110,D005277,0.516111866
1280707_2,1280707_2_7,7,12,D002045,0.51578063
8825380_1,8825380_1_1,93,100,D007674,0.515583391
11936424_3,11936424_3_2,155,163,D011692,0.515510978
11135381_0,11135381_0_2,103,108,D008729,0.515487922
24595967_0,24595967_0_3,66,73,D018817,0.515475307
11799346_2,11799346_2_3,17,22,D002939,0.515305138
24727461_0,24727461_0_7,51,56,D009369,0.515290279
1564030_1,1564030_1_5,83,93,D003866,0.515271796
8819482_1,8819482_1_7,4,11,D017202,0.51526092
11936424_0,11936424_0_0,25,33,D007674,0.5151518
1756784_0,1756784_0_0,1,9,D001930,0.515134069
7492040_2,7492040_2_5,40,45,D003042,0.515121146
11385188_0,11385188_0_0,208,213,D003042,0.51494878
2429800_0,2429800_0_5,77,85,D014403,0.514931289
2818777_0,2818777_0_3,1,5,D010672,0.514877246
20595935_0,20595935_0_4,90,99,D014700,0.514837234
448423_1,448423_1_5,58,68,D015119,0.514786023
4631913_0,4631913_0_3,136,141,D007970,0.514571526
8957205_1,8957205_1_0,104,113,D002245,0.514284325
24709919_1,24709919_1_2,11,21,D009020,0.513576338
10764869_1,10764869_1_2,25,30,D016559,0.513115838
3831029_0,3831029_0_5,71,76,D010424,0.513007252
24902786_1,24902786_1_3,56,61,D013739,0.512721846
19681452_1,19681452_1_4,33,42,D001145,0.512711601
9125676_1,9125676_1_5,86,91,D017180,0.512573592
24971338_2,24971338_2_5,31,44,D020123,0.512573403
24778426_1,24778426_1_7,53,58,D009369,0.512516655
9869655_2,9869655_2_6,26,34,D002635,0.512440233
2217015_0,2217015_0_2,59,64,D009503,0.512428918
9869655_2,9869655_2_2,103,108,D001647,0.512233316
1280707_2,1280707_2_1,91,96,D001145,0.512177522
9831002_0,9831002_0_2,10,15,D008774,0.511840406
2429800_1,2429800_1_4,147,156,D006632,0.511718468
25006369_1,25006369_1_0,17,22,D063806,0.511147169
24068571_0,24068571_0_1,5,10,D011183,0.511032977
3685052_2,3685052_2_1,70,80,D007035,0.510963775
753803_1,753803_1_5,32,36,D009135,0.510892113
24902786_0,24902786_0_4,34,39,D013311,0.510882118
11745287_0,11745287_0_3,61,69,D004317,0.510880845
10390729_4,10390729_4_1,20,30,D011188,0.51059408
3155884_1,3155884_1_3,18,25,D007545,0.510578868
10985896_2,10985896_2_0,121,133,D060831,0.51057174
4082192_3,4082192_3_1,74,82,C002887,0.510509123
24927617_0,24927617_0_5,17,24,C486464,0.510394394
10672628_3,10672628_3_2,105,110,D006220,0.510386546
6529939_1,6529939_1_5,246,255,D012848,0.510051696
24132704_0,24132704_0_3,164,169,D003976,0.50990545
1423336_1,1423336_1_4,126,134,D007980,0.509886252
2400986_1,2400986_1_2,106,116,D002066,0.509694315
4082192_1,4082192_1_0,26,31,C026729,0.509422935
24220752_1,24220752_1_4,247,255,D009369,0.509084099
24975837_1,24975837_1_1,54,60,D058186,0.509074961
9869655_3,9869655_3_7,124,131,D002780,0.50881279
7477981_2,7477981_2_3,103,110,D009069,0.508777108
6529939_0,6529939_0_3,1,8,D001146,0.50860967
24434397_1,24434397_1_2,21,29,D014148,0.508508891
24671324_1,24671324_1_0,123,128,D003907,0.508356707
3832950_0,3832950_0_0,1,9,D002998,0.508264912
2173761_2,2173761_2_5,89,95,D020110,0.508016912
8996419_1,8996419_1_2,175,183,D054556,0.508000288
10390729_0,10390729_0_5,99,105,D009020,0.508000025
8829135_1,8829135_1_5,123,128,D001058,0.507615741
3864191_2,3864191_2_6,109,116,D006417,0.507496785
12119460_1,12119460_1_3,52,57,D002955,0.507383924
11176729_0,11176729_0_3,81,86,D006333,0.507327775
24999722_1,24999722_1_3,75,81,D007249,0.507187434
7949506_0,7949506_0_6,37,42,D014700,0.507038898
11385188_0,11385188_0_0,208,213,D003042,0.507016989
3831029_0,3831029_0_3,134,140,C037293,0.506424473
8392553_2,8392553_2_5,113,122,C056595,0.506376789
7949506_0,7949506_0_6,37,42,D014700,0.506192475
8996419_5,8996419_5_1,50,55,D054556,0.506045556
25096313_1,25096313_1_6,168,174,D013256,0.505990589
9889429_0,9889429_0_3,39,45,D011565,0.505973625
24999722_1,24999722_1_3,75,81,D007249,0.505830437
6806735_1,6806735_1_4,47,56,D006585,0.505491224
1423336_1,1423336_1_6,80,90,D010649,0.505355738
2907577_1,2907577_1_4,13,18,D013806,0.505297987
24691439_1,24691439_1_0,93,98,D009798,0.505273582
24729111_0,24729111_0_6,43,51,D000638,0.504883757
2907577_1,2907577_1_4,18,26,C034347,0.504881161
2239937_1,2239937_1_2,14,24,D002118,0.504841975
24333387_2,24333387_2_7,19,26,D013311,0.504773638
24333387_1,24333387_1_6,75,79,D002118,0.504508733
3798047_1,3798047_1_2,19,24,D006331,0.5044973
44072_1,44072_1_3,89,99,C024986,0.504350887
3297909_0,3297909_0_1,126,130,D056486,0.504079351
25031906_0,25031906_0_5,18,27,D017311,0.504018448
24684312_2,24684312_2_7,120,128,D002211,0.503985862
24802403_1,24802403_1_6,21,27,D003072,0.503967722
1735570_0,1735570_0_6,249,258,D014294,0.503785504
24742750_0,24742750_0_3,86,99,D011188,0.503420686
9158667_1,9158667_1_3,48,53,D014212,0.503418303
6316193_1,6316193_1_6,98,103,D002108,0.503196669
24100055_0,24100055_0_3,87,92,D019446,0.50296467
17554526_1,17554526_1_1,79,84,D018817,0.502779353
8318674_0,8318674_0_6,74,80,D005334,0.502668308
3708328_0,3708328_0_1,7,15,D012640,0.502642554
11425091_1,11425091_1_2,31,36,D003042,0.502593128
24671324_1,24671324_1_0,123,128,D003907,0.502405246
3708328_3,3708328_3_5,101,106,D001930,0.502356732
6585590_0,6585590_0_2,69,75,D004317,0.502280801
10726030_2,10726030_2_0,34,40,D000505,0.502250697
12051122_2,12051122_2_2,23,31,D007177,0.502011829
2650911_1,2650911_1_2,45,51,D004958,0.501995469
24840785_0,24840785_0_3,7,20,D002118,0.501853545
1615846_2,1615846_2_6,128,133,D003401,0.50174141
3323599_2,3323599_2_1,57,65,D011479,0.50165173
12119460_2,12119460_2_0,89,99,D013274,0.501632535
24333387_2,24333387_2_7,19,26,D013311,0.501593233
24840785_0,24840785_0_4,14,20,D001145,0.501580351
3125850_2,3125850_2_6,5,11,D015760,0.501231595
6687006_0,6687006_0_6,24,29,D000661,0.501099711
26033014_0,26033014_0_2,1,6,D009369,0.50104347
9782254_0,9782254_0_5,66,71,D004409,0.501013971
3864191_1,3864191_1_3,222,227,D015232,0.500984282
2974281_1,2974281_1_1,21,26,D009952,0.500868637
10726030_0,10726030_0_1,4,12,D006493,0.500783563
3423103_1,3423103_1_2,74,82,D015116,0.500694329
20431083_3,20431083_3_0,210,218,D002543,0.500517253
6985297_0,6985297_0_6,30,38,D000787,0.50022394
24975837_0,24975837_0_0,69,74,D003404,0.500132464
2614930_0,2614930_0_1,51,56,D001282,0.499981066
24927617_2,24927617_2_4,83,91,D019821,0.499888864
8135424_0,8135424_0_6,53,61,D012640,0.499770929
48835_1,48835_1_6,7,17,D007003,0.499679356
3832950_0,3832950_0_3,36,41,D013036,0.499651239
1760851_0,1760851_0_3,60,69,D064420,0.499648047
11176729_1,11176729_1_5,48,54,D017706,0.499556699
24971338_3,24971338_3_5,93,97,D016572,0.499360616
10677406_0,10677406_0_3,57,62,D018487,0.499336515
2718706_3,2718706_3_3,115,124,D007741,0.499302056
8392553_4,8392553_4_2,16,24,D004837,0.499294146
8825380_2,8825380_2_4,64,69,D011692,0.499284154
10726030_3,10726030_3_5,11,16,D011317,0.499147613
24923469_1,24923469_1_4,147,156,D058186,0.499013513
25119790_0,25119790_0_4,76,81,C030272,0.498791027
8160791_2,8160791_2_3,110,115,D005839,0.498775804
6310832_1,6310832_1_3,11,19,D016572,0.498734897
1615846_1,1615846_1_6,41,49,D002784,0.498716805
24902786_1,24902786_1_3,111,118,D013629,0.498551765
3864191_2,3864191_2_6,109,116,D006417,0.498532864
24190587_2,24190587_2_5,11,19,D018817,0.498343479
9538487_1,9538487_1_6,32,45,D005947,0.498276442
2358093_0,2358093_0_3,7,12,D003613,0.498070141
1395192_0,1395192_0_5,64,69,D001971,0.498062043
10672628_2,10672628_2_0,95,100,D009249,0.497884304
24753331_0,24753331_0_4,84,92,D064420,0.497875876
8748050_0,8748050_0_7,24,31,D020230,0.497840412
2131034_1,2131034_1_3,98,108,D013852,0.497831289
24802403_2,24802403_2_3,43,48,D003072,0.497822224
12678199_0,12678199_0_3,40,45,D016171,0.497709694
24684312_0,24684312_0_6,64,74,D006930,0.49769957
11915580_2,11915580_2_1,120,127,D010146,0.497531626
24114426_2,24114426_2_2,58,63,D010554,0.49715612
24812279_1,24812279_1_4,20,28,D066126,0.496997434
7477981_0,7477981_0_4,7,13,D004409,0.496857634
3746148_1,3746148_1_6,5,14,D056989,0.496851626
20595935_0,20595935_0_6,102,108,D015175,0.496846722
7739955_1,7739955_1_3,87,96,D006323,0.496657621
1760851_3,1760851_3_1,28,32,D004317,0.496588175
891494_0,891494_0_2,59,64,D010672,0.49624364
10985896_1,10985896_1_2,5,14,D064420,0.496180992
3708328_3,3708328_3_6,28,36,D020888,0.496100493
3538855_0,3538855_0_1,23,30,D000617,0.495920079
611664_1,611664_1_6,40,48,D006973,0.495859889
11176729_0,11176729_0_1,54,62,D000806,0.495691086
7248895_0,7248895_0_3,14,19,D003520,0.495654474
2429800_1,2429800_1_4,147,156,D006632,0.495540738
7173007_2,7173007_2_4,27,32,D000100,0.495514629
3987172_1,3987172_1_5,32,37,D011433,0.495496821
24778426_1,24778426_1_7,53,58,D009369,0.49547999
3538855_1,3538855_1_3,36,42,D000617,0.49530171
2983630_2,2983630_2_3,50,59,D002110,0.495179763
24333387_1,24333387_1_6,75,79,D002118,0.495171393
11835460_0,11835460_0_7,110,117,D007980,0.494602351
3297909_0,3297909_0_2,41,51,D002779,0.494536386
23433219_0,23433219_0_4,75,81,D008694,0.494385747
24434397_1,24434397_1_1,71,80,D014148,0.494218028
3925479_0,3925479_0_7,79,86,D002375,0.494207022
25080425_0,25080425_0_0,58,67,D001622,0.493948414
24778426_2,24778426_2_0,62,71,D006258,0.493891164
8819482_1,8819482_1_7,4,11,D017202,0.493778856
24284476_1,24284476_1_6,117,125,D047310,0.493776636
3538855_0,3538855_0_1,47,52,D000617,0.493742401
1779253_0,1779253_0_6,61,70,D051474,0.493717294
25041770_0,25041770_0_3,21,28,D017291,0.493658113
25071004_0,25071004_0_5,4,10,D000740,0.493578453
3375885_0,3375885_0_2,19,27,D005438,0.493002799
1655018_1,1655018_1_2,91,99,D000305,0.49297247
3975902_0,3975902_0_3,1,6,D002318,0.492942951
24816962_0,24816962_0_4,47,52,D001927,0.492926978
10390729_1,10390729_1_5,51,56,D011188,0.492523298
24438483_2,24438483_2_1,94,99,D002045,0.492381438
10975596_0,10975596_0_2,25,31,D009203,0.492368809
8985298_1,8985298_1_6,26,31,D019259,0.492209167
2217015_0,2217015_0_0,20,30,D007037,0.492075927
8996419_6,8996419_6_4,45,54,D003276,0.492057044
24684312_0,24684312_0_4,29,39,D006930,0.491983226
9646784_1,9646784_1_5,30,40,D004342,0.491967186
24283660_0,24283660_0_3,31,36,D012640,0.491890168
24691439_0,24691439_0_2,133,138,D005901,0.491741055
1564030_1,1564030_1_5,83,93,D003866,0.491610897
24840785_0,24840785_0_4,14,20,D001145,0.491610135
25054547_1,25054547_1_3,188,198,D013390,0.491446715
9869655_2,9869655_2_3,122,127,D001647,0.491396819
24333387_0,24333387_0_4,32,40,D008569,0.491276741
24923469_0,24923469_0_3,195,205,D005839,0.491226964
3191389_3,3191389_3_0,28,36,D010862,0.491165012
1280707_2,1280707_2_3,23,32,D004837,0.491084569
7176945_0,7176945_0_3,25,30,D013390,0.49085103
24209900_1,24209900_1_3,56,61,D001927,0.490699882
24923469_2,24923469_2_3,55,64,D058186,0.490524337
11385188_0,11385188_0_0,21,29,D006331,0.490514227
24068571_0,24068571_0_5,183,191,D003221,0.490413079
10401555_1,10401555_1_7,72,80,C096012,0.490370331
1280054_0,1280054_0_1,51,56,D001927,0.490284344
24691439_2,24691439_2_3,61,66,D009798,0.490201449
6310832_1,6310832_1_5,73,78,D007239,0.490201094
3987172_2,3987172_2_2,208,216,D011433,0.490140663
24684312_0,24684312_0_6,64,74,D006930,0.490111397
11176729_0,11176729_0_3,81,86,D006333,0.490035702
1158089_1,1158089_1_2,97,105,D013752,0.48980204
3125850_2,3125850_2_6,5,11,D015760,0.489797489
23864035_0,23864035_0_3,55,61,D003907,0.489666193
3155884_1,3155884_1_7,95,103,D005947,0.489477468
24220752_1,24220752_1_4,247,255,D009369,0.489338683
9272404_0,9272404_0_4,174,181,D007052,0.488979648
3383127_1,3383127_1_4,30,40,D018487,0.488966051
2400986_1,2400986_1_5,203,209,D002066,0.488721178
11936424_0,11936424_0_3,32,40,D011692,0.488590872
10462057_0,10462057_0_1,40,47,D017330,0.488525075
448423_2,448423_2_7,14,19,D013927,0.488376017
10390729_4,10390729_4_1,20,30,D011188,0.488182115
24158386_2,24158386_2_6,53,58,C056507,0.488162085
9158667_1,9158667_1_3,29,34,D014212,0.487925891
10985896_1,10985896_1_2,82,88,D010984,0.487854663
8312343_0,8312343_0_2,66,76,D006331,0.487698374
8135424_3,8135424_3_3,83,88,D012640,0.487339084
24114426_0,24114426_0_0,39,47,D018817,0.487276014
15696449_0,15696449_0_4,12,19,D008558,0.48725764
9881641_0,9881641_0_2,1,6,D005905,0.487182003
8135424_0,8135424_0_6,53,61,D012640,0.486996782
6806735_0,6806735_0_5,49,54,D010051,0.486772839
3987172_0,3987172_0_5,20,24,D006973,0.486743457
9061777_0,9061777_0_3,1,6,D016291,0.486733832
24341598_2,24341598_2_3,11,16,D012965,0.486155978
9646784_1,9646784_1_3,21,28,D004802,0.486040753
24911645_0,24911645_0_5,90,100,D003967,0.485963263
9158667_2,9158667_2_7,70,75,D013927,0.485955735
2358093_0,2358093_0_6,14,24,D054179,0.485842579
24778426_3,24778426_3_4,165,172,D007674,0.485791144
1117341_0,1117341_0_7,62,69,D006030,0.485781891
11423811_0,11423811_0_0,9,19,D004280,0.485524263
24209900_1,24209900_1_3,56,61,D001927,0.485518441
256433_3,256433_3_5,10,23,D014031,0.485513565
24438483_2,24438483_2_0,19,29,D006323,0.485507455
10985896_2,10985896_2_0,121,133,D060831,0.485271388
7457821_0,7457821_0_3,51,55,D005045,0.485240946
1756784_0,1756784_0_0,1,9,D001930,0.485129241
24671324_1,24671324_1_3,50,59,D009503,0.484884121
10510854_2,10510854_2_2,3,8,D006220,0.484883865
8825380_2,8825380_2_4,64,69,D011692,0.484877962
25031906_0,25031906_0_2,35,40,D004408,0.484782216
11366874_0,11366874_0_6,61,66,D019888,0.484772862
24999722_0,24999722_0_4,26,31,C537630,0.484717238
733189_0,733189_0_7,24,29,D000305,0.484514574
24802403_0,24802403_0_3,37,45,D003072,0.484176195
9881641_1,9881641_1_3,62,67,D007022,0.4840745
6687006_1,6687006_1_3,15,20,C012102,0.483973354
7644931_2,7644931_2_3,2,12,D016190,0.483911281
2650911_1,2650911_1_2,45,51,D004958,0.483875136
2974281_0,2974281_0_6,24,29,D006332,0.483823031
9782254_0,9782254_0_5,66,71,D004409,0.483798777
8819482_2,8819482_2_0,92,97,C082828,0.483595033
24114426_1,24114426_1_4,58,63,D018817,0.483513395
23952588_1,23952588_1_3,187,200,D004409,0.483502013
24975837_0,24975837_0_0,69,74,D003404,0.483374908
24902786_2,24902786_2_3,93,98,D008569,0.483122645
931801_0,931801_0_3,15,23,D007674,0.483116513
11988250_0,11988250_0_4,32,37,D000860,0.483020284
733189_1,733189_1_0,38,48,D006470,0.482995612
8667442_1,8667442_1_6,16,25,D013392,0.482726255
1760851_3,1760851_3_1,28,32,D004317,0.482664381
8135424_0,8135424_0_7,45,50,D005442,0.482658874
8308951_0,8308951_0_2,37,42,D006406,0.482641052
9158667_1,9158667_1_3,29,34,D014212,0.482500916
24068571_0,24068571_0_2,200,210,D011183,0.482426071
3864191_0,3864191_0_4,88,92,D001663,0.482343149
8659767_4,8659767_4_0,51,59,D004837,0.482198796
4010471_0,4010471_0_6,9,19,D012640,0.482104511
3708328_3,3708328_3_5,101,106,D001930,0.482036298
23535177_0,23535177_0_0,42,47,D010300,0.481697604
24114426_0,24114426_0_0,3,11,D010554,0.48161116
10672628_0,10672628_0_6,71,78,D009569,0.481508152
1556529_0,1556529_0_3,7,12,D056486,0.481279774
2718706_1,2718706_1_6,145,149,D004737,0.480796974
24709919_0,24709919_0_7,14,19,D006930,0.480667451
6106951_2,6106951_2_3,17,22,D010433,0.480599087
17721298_1,17721298_1_7,10,17,D003320,0.480576017
9323412_0,9323412_0_2,84,94,D012701,0.480560518
24653743_1,24653743_1_2,50,58,C042288,0.480521529
10713017_0,10713017_0_5,65,75,D005277,0.480218307
3895875_0,3895875_0_2,72,76,D014693,0.480094094
8603459_1,8603459_1_7,11,16,D006984,0.479989113
8318674_0,8318674_0_6,74,80,D005334,0.479804688
24709919_1,24709919_1_2,11,21,D009020,0.479655693
2718706_1,2718706_1_3,2,7,D004737,0.47965507
6106951_1,6106951_1_3,67,73,D005479,0.479572751
8996419_2,8996419_2_4,15,20,D054556,0.479468384
2767010_0,2767010_0_7,74,79,C043114,0.479443
8667442_2,8667442_2_3,83,87,D006934,0.479368087
6310832_2,6310832_2_2,84,92,D007239,0.479061806
3708328_1,3708328_1_1,138,146,D010862,0.478988294
10726030_3,10726030_3_3,48,53,D010024,0.478908855
12059909_1,12059909_1_4,67,72,D003556,0.47851173
8825380_1,8825380_1_1,93,100,D007674,0.478386256
10960401_0,10960401_0_3,62,67,D009020,0.478362664
24923469_2,24923469_2_3,55,64,D058186,0.47835917
7739955_1,7739955_1_1,2,10,D001145,0.478237599
2625524_1,2625524_1_6,49,59,D012640,0.477640345
25907210_2,25907210_2_0,130,139,D003976,0.477638854
448423_1,448423_1_3,30,34,D013345,0.477595228
3155884_0,3155884_0_3,51,60,D005355,0.477490123
3383127_0,3383127_0_3,1,6,D007022,0.477159159
3832950_0,3832950_0_2,32,41,D004827,0.476948222
2907577_1,2907577_1_4,13,18,D013806,0.476844197
11395263_0,11395263_0_3,18,27,D007545,0.476684135
24816962_0,24816962_0_0,18,23,D008795,0.476670102
12059909_0,12059909_0_3,157,166,D064420,0.476580529
24341598_2,24341598_2_3,56,63,D001806,0.476440867
11915580_3,11915580_3_6,101,109,D006261,0.476433267
10401555_1,10401555_1_3,10,19,D006930,0.476325537
3339945_0,3339945_0_3,69,77,D000628,0.47632119
18341442_0,18341442_0_3,120,129,D010634,0.476221257
25006369_2,25006369_2_3,153,162,C061870,0.476209988
35781_2,35781_2_3,38,47,D009638,0.476058241
4082466_0,4082466_0_3,6,16,D012640,0.47600657
8135424_0,8135424_0_6,39,43,D001569,0.476001162
2718706_1,2718706_1_3,2,7,D004737,0.475997548
24739405_3,24739405_3_6,61,68,D002375,0.475951892
1837756_1,1837756_1_6,73,82,D010259,0.475887188
1424076_0,1424076_0_2,61,69,D004317,0.475582937
612112_0,612112_0_3,113,121,D005045,0.475452209
931801_0,931801_0_3,21,30,D003681,0.475417161
8312343_1,8312343_1_6,2,10,D001379,0.475256945
9869655_2,9869655_2_2,103,108,D001647,0.475222794
2173761_2,2173761_2_2,84,93,D019806,0.47518192
2718706_1,2718706_1_6,145,149,D004737,0.47496979
9538487_0,9538487_0_3,55,61,D006944,0.474645511
2907577_0,2907577_0_2,57,62,D058186,0.474442828
6631522_0,6631522_0_3,3,8,D004317,0.47411561
7931490_0,7931490_0_4,8,16,D017829,0.473806545
17721298_1,17721298_1_7,10,17,D003320,0.473653303
3987172_0,3987172_0_1,48,53,D002543,0.473644616
19681452_0,19681452_0_0,78,87,D000431,0.473642522
24802403_2,24802403_2_3,43,48,D003072,0.473635703
7931490_1,7931490_1_1,102,107,D014839,0.473480824
35781_2,35781_2_4,44,54,D009020,0.473440558
7411769_1,7411769_1_3,27,35,D011188,0.473352688
25054547_0,25054547_0_6,32,38,D001049,0.473310155
24554916_1,24554916_1_3,35,44,D002779,0.473207453
24727461_2,24727461_2_0,56,61,C005975,0.473160684
35781_1,35781_1_3,39,52,D009638,0.47302648
3708328_3,3708328_3_7,75,80,D012640,0.472849012
6106951_1,6106951_1_3,67,73,D005479,0.472807236
15696449_1,15696449_1_7,58,68,D008558,0.472677994
6728873_0,6728873_0_4,125,132,D002110,0.472652539
6310832_3,6310832_3_3,45,54,D016572,0.472570858
6310832_2,6310832_2_2,84,92,D007239,0.47247938
35781_3,35781_3_1,38,46,D009638,0.472312213
7479194_1,7479194_1_1,66,72,D008107,0.47215975
24927617_0,24927617_0_5,17,24,C486464,0.472046913
11745287_1,11745287_1_3,132,140,D000740,0.471901641
7739955_0,7739955_0_4,57,65,D009202,0.471770786
6615679_0,6615679_0_6,22,26,D010862,0.471532961
10726030_2,10726030_2_0,34,40,D000505,0.47140488
24333387_0,24333387_0_4,32,40,D008569,0.471390125
3708328_3,3708328_3_6,28,36,D020888,0.47138765
10390729_3,10390729_3_1,5,14,D015761,0.471364279
11474137_0,11474137_0_0,34,42,D000617,0.471077233
4082192_1,4082192_1_3,85,90,D007674,0.471043169
6985498_0,6985498_0_1,32,41,D041881,0.4709982
10427794_0,10427794_0_3,19,29,D001172,0.470909708
11385188_0,11385188_0_0,21,29,D006331,0.470844429
9061777_2,9061777_2_6,47,52,D001930,0.470737965
44072_0,44072_0_7,181,186,D002725,0.470684161
7121659_0,7121659_0_7,49,56,D012293,0.470637779
26115410_1,26115410_1_2,31,39,D009369,0.470614006
24842192_0,24842192_0_3,94,100,D006331,0.470450758
24283660_0,24283660_0_0,7,16,D012640,0.470418952
24812279_1,24812279_1_5,207,212,D004317,0.470390082
24309294_1,24309294_1_2,159,164,D012844,0.470323156
7661171_2,7661171_2_7,66,71,D005355,0.470227379
8135424_3,8135424_3_5,71,80,D005442,0.470189629
3685052_3,3685052_3_2,29,34,D005481,0.470120206
6517710_1,6517710_1_0,74,84,D003328,0.470077219
8603459_1,8603459_1_7,11,16,D006984,0.469917152
8819482_2,8819482_2_0,92,97,C082828,0.469863873
24653743_0,24653743_0_4,11,17,C042288,0.469551678
8392553_1,8392553_1_0,32,37,D005355,0.469537874
24284476_1,24284476_1_6,117,125,D047310,0.469519691
11425091_0,11425091_0_4,122,135,D007235,0.468964838
24333387_0,24333387_0_1,59,64,D013311,0.468625466
20595935_0,20595935_0_6,102,108,D015175,0.468545605
920167_0,920167_0_2,100,109,D002806,0.46850384
6585590_0,6585590_0_2,69,75,D004317,0.468278461
24434397_2,24434397_2_6,18,28,D012640,0.468192201
25006961_0,25006961_0_6,18,26,D018500,0.468157964
7147232_1,7147232_1_3,19,27,D000255,0.468121988
23952588_3,23952588_3_2,3,8,D004409,0.468044965
10726030_0,10726030_0_1,4,12,D006493,0.467976676
24100055_0,24100055_0_3,58,63,D058625,0.467942862
9125676_4,9125676_4_5,48,56,D016171,0.467819593
24209900_1,24209900_1_7,16,21,D007069,0.467725497
10764869_0,10764869_0_1,54,62,D016559,0.467681862
10510854_2,10510854_2_2,3,8,D006220,0.467593553
1756784_1,1756784_1_5,123,128,D009422,0.467547363
6806735_0,6806735_0_5,49,54,D010051,0.467374162
24684312_0,24684312_0_4,29,39,D006930,0.467241168
24114426_0,24114426_0_0,36,44,D018817,0.467208435
8996419_3,8996419_3_4,3,15,D003276,0.467107701
24971338_0,24971338_0_4,11,21,D016572,0.466948406
7477981_0,7477981_0_3,15,21,D005473,0.466849302
7479194_2,7479194_2_3,22,35,D002506,0.466824866
23892921_0,23892921_0_4,19,24,D003907,0.466819187
448423_1,448423_1_3,30,34,D013345,0.466739614
3191389_1,3191389_1_3,2,7,D007052,0.46672889
12119460_1,12119460_1_3,52,57,D002955,0.466727089
10933650_0,10933650_0_3,78,82,D000666,0.466489731
1280707_3,1280707_3_6,36,44,D001145,0.466450599
9889429_1,9889429_1_5,49,57,D016572,0.46644518
9538487_0,9538487_0_3,19,28,D018500,0.466266803
1756784_2,1756784_2_0,138,148,D001930,0.466147491
23871786_1,23871786_1_6,10,15,C006780,0.466128223
24588023_3,24588023_3_0,30,38,D012640,0.466087859
8748050_1,8748050_1_1,27,37,D004298,0.465978641
24220752_0,24220752_0_0,87,95,D003287,0.46554979
3083835_0,3083835_0_4,44,51,D000707,0.465444398
2553470_4,2553470_4_2,24,28,D013226,0.46519171
12359538_0,12359538_0_3,43,51,D009203,0.464915943
1615846_1,1615846_1_0,131,140,D003401,0.464852445
8996419_6,8996419_6_4,45,54,D003276,0.464777223
24739405_2,24739405_2_4,173,178,D002375,0.464526975
10713017_2,10713017_2_4,17,27,D005277,0.464476542
24902786_1,24902786_1_3,111,118,D013629,0.464334267
891494_0,891494_0_2,59,64,D010672,0.464307024
6305660_0,6305660_0_1,186,190,D059373,0.463898618
1280707_1,1280707_1_0,11,21,D011374,0.463875865
24434397_1,24434397_1_1,96,104,D012640,0.463861626
2767010_2,2767010_2_3,17,26,C043114,0.463778606
35781_0,35781_0_7,66,76,D010423,0.463699265
24975837_2,24975837_2_3,42,49,D009336,0.463415608
3987172_2,3987172_2_2,208,216,D011433,0.46340219
24665854_0,24665854_0_3,26,32,D009422,0.46335445
25006961_3,25006961_3_5,3,8,D008094,0.463118858
4082192_4,4082192_4_7,78,83,C026729,0.462808655
24727461_3,24727461_3_3,52,57,D004317,0.462780195
24842192_2,24842192_2_3,41,48,D009336,0.462737374
2818777_0,2818777_0_3,1,5,D010672,0.462682494
7147232_0,7147232_0_4,44,48,D009599,0.462582451
3533179_1,3533179_1_5,126,134,D003520,0.462555983
8184922_0,8184922_0_1,245,250,D007545,0.462426627
24582773_0,24582773_0_3,18,23,D011618,0.462342559
2429800_0,2429800_0_5,77,85,D014403,0.462266883
10672628_0,10672628_0_7,29,34,D009249,0.462096013
12372954_0,12372954_0_2,37,42,D009395,0.462086626
11799346_0,11799346_0_7,7,14,D001714,0.462043973
6631522_0,6631522_0_3,3,8,D004317,0.462009625
6806735_1,6806735_1_4,47,56,D006585,0.461954063
11745287_2,11745287_2_3,13,23,D005221,0.461857824
9125676_4,9125676_4_3,125,134,D013015,0.46180678
11915580_3,11915580_3_3,55,60,D005996,0.461763531
15696449_0,15696449_0_5,114,119,D058186,0.461623442
8985298_0,8985298_0_1,62,67,D006509,0.461595896
24778426_1,24778426_1_5,46,52,D007674,0.461538701
8160791_0,8160791_0_7,52,62,D005839,0.461507961
11915580_0,11915580_0_2,41,46,D004412,0.460801503
24587916_0,24587916_0_3,108,118,D003907,0.460666692
8996419_5,8996419_5_1,50,55,D054556,0.460658665
25119790_2,25119790_2_6,92,100,D003474,0.46061038
24802403_1,24802403_1_6,21,27,D003072,0.460434444
24158386_0,24158386_0_0,106,113,D064420,0.460396425
24733133_2,24733133_2_3,3,12,D013921,0.460344935
3297909_0,3297909_0_1,126,130,D056486,0.460226939
8392553_2,8392553_2_5,113,122,C056595,0.460196047
2131034_1,2131034_1_7,49,57,D013852,0.460128429
24588023_1,24588023_1_3,160,170,D014148,0.460101903
11799346_2,11799346_2_3,181,189,D001714,0.460096784
3685052_2,3685052_2_1,70,80,D007035,0.459902754
9889429_2,9889429_2_4,35,40,D016572,0.459492598
24100055_0,24100055_0_3,87,92,D019446,0.459150735
24902786_1,24902786_1_5,140,145,C067431,0.459093534
11395263_0,11395263_0_3,123,131,D007545,0.45904033
24114426_2,24114426_2_6,118,124,D018817,0.459027781
2358093_1,2358093_1_3,6,15,D009120,0.459003457
24671324_0,24671324_0_3,30,35,D008258,0.458985531
23864035_1,23864035_1_0,66,71,D009101,0.45897738
7931490_0,7931490_0_4,8,16,D017829,0.458736638
24659727_0,24659727_0_2,11,19,D003520,0.458606402
3832950_0,3832950_0_2,32,41,D004827,0.458286894
3191389_1,3191389_1_3,2,7,D007052,0.458275694
10390729_3,10390729_3_1,60,67,D009020,0.45826743
10975596_1,10975596_1_7,118,125,D007545,0.4582667
7661171_1,7661171_1_7,137,144,D012964,0.458107146
6695685_0,6695685_0_7,35,42,D001145,0.457650319
6517710_1,6517710_1_0,74,84,D003328,0.457496165
11745287_1,11745287_1_3,124,128,D009503,0.457474808
1756784_3,1756784_3_3,75,85,D001480,0.457464545
24671324_1,24671324_1_3,50,59,D009503,0.457322995
256433_0,256433_0_2,19,29,D009369,0.457085892
8511251_0,8511251_0_1,44,49,D005996,0.457070997
24802403_2,24802403_2_3,90,97,D012640,0.456907525
10327032_0,10327032_0_5,102,111,D008107,0.456878495
3533179_1,3533179_1_5,126,134,D003520,0.45686516
3323259_1,3323259_1_1,27,35,C038806,0.456803113
8511251_0,8511251_0_0,26,31,D003042,0.456681527
24582773_0,24582773_0_3,18,23,D011618,0.456468541
24665854_1,24665854_1_1,41,46,D022124,0.456456458
9578276_0,9578276_0_3,233,238,D015746,0.455978084
24459006_0,24459006_0_0,30,35,D015725,0.455915781
7492040_2,7492040_2_5,40,45,D003042,0.455858172
12678199_1,12678199_1_0,67,72,D000638,0.455820042
3339945_0,3339945_0_3,69,77,D000628,0.455535082
18341442_2,18341442_2_3,59,64,C026098,0.455392931
18341442_1,18341442_1_3,64,72,C026098,0.455356855
2400986_1,2400986_1_2,106,116,D002066,0.455056136
23949582_1,23949582_1_4,13,18,D015080,0.454776949
1760851_2,1760851_2_6,64,69,D004317,0.454686221
2614930_0,2614930_0_2,6,14,D001919,0.454651627
9759693_0,9759693_0_4,113,121,D003329,0.454612943
3323599_1,3323599_1_6,106,110,D051437,0.454525798
18341442_1,18341442_1_3,64,72,C026098,0.454519173
24816962_0,24816962_0_0,18,23,D008795,0.45450733
24587916_2,24587916_2_3,14,23,D006861,0.454370583
10462057_3,10462057_3_3,34,39,D001554,0.454324425
11385188_0,11385188_0_5,13,23,D003042,0.454244775
24451297_1,24451297_1_1,64,74,D056486,0.454194352
11299446_0,11299446_0_7,11,19,C027429,0.454128223
8659767_3,8659767_3_6,70,80,D002045,0.453918909
24778426_0,24778426_0_2,79,88,D064420,0.453879855
8996419_2,8996419_2_4,15,20,D054556,0.453753762
8188982_1,8188982_1_5,4,8,D006973,0.453734194
10087562_0,10087562_0_6,26,34,D002311,0.453407255
24114426_2,24114426_2_6,118,124,D018817,0.453318756
11135381_0,11135381_0_2,103,108,D008729,0.452917067
11915580_1,11915580_1_1,15,21,D004412,0.452761935
8318674_2,8318674_2_6,59,67,D012769,0.45275351
2239937_0,2239937_0_0,43,51,D002119,0.452719157
3538855_1,3538855_1_3,36,42,D000617,0.452641631
6673474_0,6673474_0_6,124,129,D009599,0.452564606
8996419_5,8996419_5_3,73,80,D004997,0.45250367
9869655_3,9869655_3_3,68,73,D013261,0.452467437
1361574_3,1361574_3_0,122,130,D007538,0.452203087
612112_0,612112_0_3,113,121,D005045,0.452165944
25119790_3,25119790_3_6,46,51,D010100,0.452144661
8825380_1,8825380_1_1,121,129,D007674,0.452115598
2239937_1,2239937_1_2,14,24,D002118,0.452017782
439781_1,439781_1_3,32,42,D011453,0.451782822
15696449_1,15696449_1_3,87,97,D003404,0.451567635
24894748_2,24894748_2_0,75,83,D008790,0.451496395
8312343_1,8312343_1_2,191,198,D015774,0.451412446
6615679_0,6615679_0_6,22,26,D010862,0.451318346
8184922_0,8184922_0_1,245,250,D007545,0.451062182
9125676_2,9125676_2_0,40,45,D013015,0.450575298
11366874_0,11366874_0_1,30,38,D001145,0.450547891
6106951_2,6106951_2_5,13,22,D005479,0.450392865
10672628_1,10672628_1_7,79,86,D002375,0.450310492
4082192_1,4082192_1_3,85,90,D007674,0.450278068
6627074_0,6627074_0_1,73,81,D004491,0.450018197
24675088_0,24675088_0_0,89,97,D009202,0.44996482
753803_1,753803_1_7,132,139,D009135,0.449827556
10677406_2,10677406_2_0,180,189,D004280,0.449536241
24114426_3,24114426_3_4,53,58,D018817,0.449461635
25054547_1,25054547_1_3,188,198,D013390,0.449435288
8659767_4,8659767_4_0,51,59,D004837,0.449262464
1420650_1,1420650_1_6,33,42,D003024,0.449116889
1420650_0,1420650_0_6,110,120,D020820,0.448977015
24554916_1,24554916_1_3,35,44,D002779,0.448924864
2553470_2,2553470_2_3,23,36,D008094,0.448797905
8312983_0,8312983_0_5,116,121,D003072,0.448748352
8748050_1,8748050_1_5,12,17,D020230,0.448710211
8188982_1,8188982_1_3,16,24,D009599,0.448531881
1615846_0,1615846_0_3,62,70,D008148,0.448521
24894748_2,24894748_2_5,87,95,D012804,0.448399096
3975902_0,3975902_0_2,97,105,D001464,0.448295831
2131034_1,2131034_1_3,98,108,D013852,0.448235264
19681452_1,19681452_1_5,40,48,D012131,0.448202914
23949582_1,23949582_1_2,74,79,D015080,0.448176857
12165618_2,12165618_2_5,125,135,D003404,0.448158489
25006369_1,25006369_1_0,17,22,D063806,0.447735751
23864035_1,23864035_1_0,66,71,D009101,0.447573843
24709919_0,24709919_0_2,3,9,D036145,0.447325045
25041770_0,25041770_0_3,21,28,D017291,0.447159073
2767010_3,2767010_3_1,71,76,C043114,0.44713749
8819482_3,8819482_3_4,7,12,D009543,0.447108054
24126708_0,24126708_0_3,64,69,D004409,0.447091375
2884595_1,2884595_1_2,8,17,D014917,0.447041854
24684312_2,24684312_2_7,120,128,D002211,0.446933106
2358093_1,2358093_1_3,6,15,D009120,0.446930179
25054547_0,25054547_0_5,104,110,D013390,0.446652199
10764869_1,10764869_1_2,25,30,D016559,0.44664956
12678199_0,12678199_0_1,1,9,D000638,0.446449537
3987172_0,3987172_0_5,20,24,D006973,0.446291966
3155884_1,3155884_1_1,37,45,D007545,0.445767158
24190587_1,24190587_1_3,106,115,D006854,0.445699267
7739955_1,7739955_1_1,2,10,D001145,0.445494543
1158089_2,1158089_2_6,68,73,D014280,0.445387431
24727461_0,24727461_0_2,22,30,D004317,0.445318402
25907210_1,25907210_1_5,17,22,D009369,0.445314922
8996419_1,8996419_1_6,130,134,D020246,0.444891241
4010471_0,4010471_0_1,68,74,D009538,0.444818004
8659767_1,8659767_1_6,69,74,D017180,0.444556616
24999722_0,24999722_0_4,26,31,C537630,0.444380004
8312343_1,8312343_1_6,2,10,D001379,0.444321065
11915580_3,11915580_3_3,55,60,D005996,0.444266745
3987172_2,3987172_2_4,68,81,D010665,0.444228606
8392553_1,8392553_1_0,32,37,D005355,0.44420392
3074291_0,3074291_0_5,29,37,D001249,0.444170631
12119460_5,12119460_5_3,18,23,D002955,0.443999818
25071004_0,25071004_0_0,118,123,D008288,0.443429386
6615679_0,6615679_0_4,51,56,D013999,0.443365174
3812624_0,3812624_0_3,107,115,D002220,0.443275511
1556529_0,1556529_0_7,1,6,D015215,0.443186568
10975596_1,10975596_1_5,189,195,C118667,0.443166002
2400986_1,2400986_1_5,203,209,D002066,0.443163506
24158386_1,24158386_1_0,55,60,C056507,0.443134388
9759693_0,9759693_0_7,1,6,D017091,0.443112696
11380496_3,11380496_3_6,121,130,D014657,0.442966812
24971338_0,24971338_0_7,66,71,D020123,0.442862133
10986547_0,10986547_0_0,120,125,C076029,0.442652293
8996419_3,8996419_3_4,3,15,D003276,0.442565179
10975596_1,10975596_1_5,189,195,C118667,0.44253037
9125676_2,9125676_2_1,94,100,D013015,0.442370765
2625524_1,2625524_1_3,87,97,D006220,0.442237769
6687006_1,6687006_1_3,15,20,C012102,0.442216862
4082192_1,4082192_1_0,26,31,C026729,0.442193293
24535067_1,24535067_1_0,183,192,D005045,0.442135402
2625524_0,2625524_0_6,22,28,D006220,0.442101777
6453500_0,6453500_0_4,1,10,D056486,0.442040693
6627074_1,6627074_1_3,58,67,D013390,0.441906616
9889429_1,9889429_1_5,49,57,D016572,0.441771378
1360900_1,1360900_1_0,19,27,D018698,0.441762625
8511251_0,8511251_0_1,44,49,D005996,0.441696329
10672628_3,10672628_3_2,105,110,D006220,0.441649014
12678199_0,12678199_0_5,84,97,D007008,0.441500805
12051122_0,12051122_0_0,22,27,D014750,0.441487662
3475563_0,3475563_0_1,63,76,D002180,0.441396745
8825380_1,8825380_1_6,1,9,D007674,0.441309601
10672628_0,10672628_0_4,22,26,D002375,0.440703209
11915580_2,11915580_2_1,120,127,D010146,0.440653091
10390729_0,10390729_0_5,99,105,D009020,0.440647728
2782734_0,2782734_0_7,21,26,D000420,0.440632182
15696449_1,15696449_1_3,87,97,D003404,0.440622234
2907577_0,2907577_0_2,57,62,D058186,0.44050208
24727461_0,24727461_0_2,22,30,D004317,0.440287498
24927617_1,24927617_1_5,111,121,D003401,0.440251825
9132810_0,9132810_0_6,11,19,D056784,0.439998154
24802403_0,24802403_0_3,37,45,D003072,0.439958342
24100257_0,24100257_0_0,8,16,D054549,0.439808632
24894748_2,24894748_2_5,87,95,D012804,0.439777195
10672628_1,10672628_1_3,64,68,D006220,0.439747017
24587916_1,24587916_1_7,75,80,D003907,0.439689699
25119790_1,25119790_1_5,54,59,D012964,0.439532267
24582773_1,24582773_1_1,11,17,D019966,0.439510402
11745287_2,11745287_2_3,13,23,D005221,0.439483903
8996419_4,8996419_4_5,117,121,D017135,0.439311572
3383127_0,3383127_0_3,1,6,D007022,0.438962976
24653743_0,24653743_0_6,35,40,C042288,0.438776656
24902786_1,24902786_1_5,140,145,C067431,0.438585324
3831029_0,3831029_0_5,71,76,D010424,0.438354673
24727461_2,24727461_2_0,56,61,C005975,0.438035671
6321816_1,6321816_1_3,109,117,D014667,0.438016706
24739405_3,24739405_3_4,80,90,D003687,0.437865001
12051122_1,12051122_1_6,54,58,D014750,0.437378718
23864035_0,23864035_0_2,1,7,C400082,0.437277014
2907577_1,2907577_1_3,87,96,D010130,0.437176742
2614930_0,2614930_0_0,1,9,D009543,0.437029495
2907577_2,2907577_2_2,121,126,D058186,0.436987198
3323259_1,3323259_1_1,27,35,C038806,0.436827939
24588023_1,24588023_1_3,20,25,D012640,0.436664829
9061777_0,9061777_0_3,1,6,D016291,0.436592526
2614930_1,2614930_1_0,3,12,D013610,0.436499654
3074291_0,3074291_0_7,93,98,C017590,0.436451059
8312343_0,8312343_0_2,66,76,D006331,0.436312995
1943082_0,1943082_0_5,35,44,D017093,0.436139275
1359137_1,1359137_1_0,97,107,D006966,0.436127311
19681452_1,19681452_1_5,19,28,D003932,0.436040877
24742750_0,24742750_0_3,86,99,D011188,0.436036976
2614930_0,2614930_0_6,14,19,D009422,0.435991823
24588023_0,24588023_0_7,10,20,D012640,0.43553587
8819482_2,8819482_2_1,54,58,D004110,0.435328696
1756784_3,1756784_3_3,75,85,D001480,0.435117912
2131034_0,2131034_0_3,72,77,D056768,0.435048045
10672628_0,10672628_0_7,29,34,D009249,0.434946817
10672628_2,10672628_2_1,3,8,D002375,0.434677785
24158386_3,24158386_3_4,99,104,D006689,0.434542474
8659767_1,8659767_1_6,125,133,D004837,0.434424057
4631913_0,4631913_0_3,136,141,D007970,0.434381955
24971338_3,24971338_3_5,93,97,D016572,0.434323783
3975902_2,3975902_2_6,94,104,D001464,0.434144933
3439580_2,3439580_2_2,25,29,D009447,0.434085916
24234943_0,24234943_0_4,15,23,C086816,0.43403724
753803_1,753803_1_5,32,36,D009135,0.434023428
1423336_0,1423336_0_3,54,62,D007980,0.433923823
9646784_1,9646784_1_7,10,17,D006493,0.433533514
24535067_2,24535067_2_0,45,54,D010146,0.433447322
10939760_1,10939760_1_1,2,12,D051437,0.43343971
3798047_0,3798047_0_2,123,132,D012804,0.433338287
35781_2,35781_2_3,38,47,D009638,0.433297514
4010471_0,4010471_0_1,68,74,D009538,0.433274341
9323412_0,9323412_0_2,84,94,D012701,0.433263544
6687006_2,6687006_2_2,3,11,C012102,0.433011336
3155884_0,3155884_0_3,51,60,D005355,0.433004537
24999722_0,24999722_0_3,161,169,D005446,0.432822228
9578276_0,9578276_0_3,233,238,D015746,0.432560375
25907210_1,25907210_1_7,121,126,D009369,0.432539467
8996419_5,8996419_5_3,73,80,D004997,0.432215687
1361574_3,1361574_3_0,122,130,D007538,0.432193024
11799346_2,11799346_2_3,17,22,D002939,0.43215202
6585590_2,6585590_2_5,85,89,D009369,0.432060598
23949582_0,23949582_0_0,124,132,D015080,0.432014989
24653743_1,24653743_1_2,75,85,D016171,0.431765421
12119460_2,12119460_2_0,89,99,D013274,0.431717245
1760851_1,1760851_1_3,86,92,D005688,0.431685584
2767010_3,2767010_3_1,71,76,C043114,0.43162301
24333387_1,24333387_1_7,60,65,D013311,0.431605422
9646784_1,9646784_1_7,10,17,D006493,0.431453189
10985896_1,10985896_1_2,5,14,D064420,0.431444709
24283660_0,24283660_0_5,131,138,D004830,0.43132917
1779253_1,1779253_1_0,9,19,D008413,0.430978509
2767010_1,2767010_1_7,88,93,C043114,0.430757885
25054547_0,25054547_0_5,54,62,D001049,0.430631283
15696449_0,15696449_0_5,114,119,D058186,0.430620048
18341442_2,18341442_2_1,41,46,D012640,0.430613799
11915580_0,11915580_0_2,41,46,D004412,0.430575388
24727461_1,24727461_1_3,75,81,D001943,0.430473321
1756784_0,1756784_0_1,15,23,D010862,0.430381575
931801_1,931801_1_5,64,69,D002952,0.43027959
11474137_2,11474137_2_4,190,195,D000617,0.43023524
9125676_4,9125676_4_3,90,94,D017180,0.430144741
26033014_0,26033014_0_2,25,32,C051786,0.430120602
2974281_1,2974281_1_1,21,26,D009952,0.429975485
24733133_1,24733133_1_6,20,25,D055499,0.429944684
24881749_1,24881749_1_2,21,28,D063325,0.429788065
7739955_0,7739955_0_4,167,180,D001145,0.4297656
10677406_0,10677406_0_2,22,29,D004280,0.429717307
11474137_1,11474137_1_2,21,30,D013481,0.429555861
24897009_1,24897009_1_1,21,26,D064420,0.429425534
2383364_1,2383364_1_3,124,129,D012837,0.429299688
24659727_0,24659727_0_3,5,13,D008130,0.429279402
48835_0,48835_0_5,157,162,D011433,0.429041672
1280707_3,1280707_3_6,36,44,D001145,0.428617625
24653743_1,24653743_1_2,75,85,D016171,0.428585927
24971338_1,24971338_1_5,111,124,D007674,0.428268133
24588023_0,24588023_0_7,10,20,D012640,0.428156529
24464946_0,24464946_0_0,54,63,D009202,0.428123455
3083835_0,3083835_0_4,44,51,D000707,0.427999289
24283660_0,24283660_0_3,31,36,D012640,0.427911552
10462057_0,10462057_0_1,40,47,D017330,0.427828691
10726030_3,10726030_3_3,48,53,D010024,0.427816282
11936424_0,11936424_0_0,25,33,D007674,0.427640014
1858969_0,1858969_0_3,41,46,D004049,0.427635497
1158089_1,1158089_1_3,55,60,D014280,0.427513103
9869655_3,9869655_3_7,124,131,D002780,0.427476986
24535067_0,24535067_0_3,21,26,D008874,0.42729007
8160791_0,8160791_0_6,21,26,D007674,0.427135167
15696449_0,15696449_0_0,1,6,D058186,0.427123724
12059909_0,12059909_0_3,157,166,D064420,0.427012697
24132704_0,24132704_0_6,66,74,D003976,0.426963004
439781_1,439781_1_3,32,42,D011453,0.426747006
25951420_0,25951420_0_1,90,98,D010300,0.426717834
26033014_1,26033014_1_4,53,58,D009369,0.426653906
1280707_0,1280707_0_2,8,13,D002045,0.426481263
1837756_1,1837756_1_6,73,82,D010259,0.426430232
8308951_0,8308951_0_3,64,73,D014859,0.426425973
25084821_2,25084821_2_7,83,88,C069541,0.426378158
23535177_0,23535177_0_7,23,30,D004409,0.426306008
9881641_0,9881641_0_2,1,6,D005905,0.426277505
17554526_1,17554526_1_4,55,63,D001925,0.426122529
8808730_0,8808730_0_3,79,88,D003520,0.426074558
24341598_2,24341598_2_5,28,33,D004110,0.426050474
9831002_0,9831002_0_2,1,6,D009459,0.425986886
9881641_0,9881641_0_4,75,80,D000255,0.42579155
6529939_1,6529939_1_0,198,208,D001285,0.425770371
1837756_0,1837756_0_2,1,11,D012701,0.42546717
24309294_1,24309294_1_6,148,156,D009020,0.425189026
23952588_3,23952588_3_2,3,8,D004409,0.425079253
23666265_0,23666265_0_1,75,81,D003556,0.425073232
10672628_0,10672628_0_0,85,90,D002375,0.425051242
9197951_0,9197951_0_3,55,61,D004053,0.424919172
6985297_0,6985297_0_6,30,38,D000787,0.424751996
2358093_0,2358093_0_6,14,24,D054179,0.424662764
146391_2,146391_2_5,2,7,D008206,0.424569455
6321816_1,6321816_1_3,109,117,D014667,0.424426076
2933998_0,2933998_0_3,33,38,D017265,0.424414013
23949582_2,23949582_2_3,3,8,D007069,0.424360346
7949506_1,7949506_1_3,6,15,D013148,0.424228611
8985298_1,8985298_1_6,207,212,D006509,0.423669333
2383364_1,2383364_1_1,88,96,D012837,0.423489675
24971338_1,24971338_1_5,111,124,D007674,0.423391857
6321816_2,6321816_2_3,33,38,D000809,0.423308827
25119790_0,25119790_0_4,76,81,C030272,0.42326503
10713017_2,10713017_2_4,17,27,D005277,0.423241481
24283660_2,24283660_2_5,79,84,D012640,0.423136721
11425091_1,11425091_1_2,31,36,D003042,0.422998353
26033014_0,26033014_0_5,57,62,D008113,0.422864976
11936424_1,11936424_1_0,44,54,D009401,0.422694853
6106951_2,6106951_2_5,13,22,D005479,0.42249448
1943082_0,1943082_0_5,35,44,D017093,0.422458135
9323412_0,9323412_0_5,52,56,D017294,0.422324256
11299446_0,11299446_0_7,11,19,C027429,0.422115681
946593_1,946593_1_6,108,113,D008727,0.422100301
24100055_0,24100055_0_2,10,20,D013921,0.421749501
9128918_0,9128918_0_0,149,157,D004298,0.421695235
24727461_0,24727461_0_7,51,56,D009369,0.421500027
10933650_0,10933650_0_3,78,82,D000666,0.421325489
24190587_0,24190587_0_3,29,39,D018817,0.42123485
1756784_1,1756784_1_5,123,128,D009422,0.421108466
9831002_0,9831002_0_3,140,147,D008774,0.420983234
26033014_1,26033014_1_4,53,58,D009369,0.420831894
2131034_0,2131034_0_3,72,77,D056768,0.420809009
3987172_1,3987172_1_5,32,37,D011433,0.42069849
3084231_0,3084231_0_6,149,158,D014635,0.42063086
10327032_1,10327032_1_5,103,110,D001424,0.420564983
6687006_2,6687006_2_5,36,45,D000661,0.420523112
24333387_2,24333387_2_6,163,173,D013311,0.420500672
9272404_0,9272404_0_4,174,181,D007052,0.420409595
24691439_2,24691439_2_3,61,66,D009798,0.420397858
9759693_0,9759693_0_7,1,6,D017091,0.420324122
9125676_2,9125676_2_0,40,45,D013015,0.420295335
24284476_0,24284476_0_3,97,110,D047310,0.420206451
24126708_0,24126708_0_3,64,69,D004409,0.420173602
23666265_0,23666265_0_1,75,81,D003556,0.420073401
8135424_0,8135424_0_6,1,11,D005442,0.419849187
7315949_0,7315949_0_6,133,143,D006547,0.419809126
11915580_1,11915580_1_6,86,93,D005996,0.419742983
24709919_0,24709919_0_2,3,9,D036145,0.419528458
24812279_1,24812279_1_5,207,212,D004317,0.419486525
25031906_0,25031906_0_6,72,77,D012678,0.419471902
6728873_0,6728873_0_4,125,132,D002110,0.419464408
3533179_3,3533179_3_3,126,131,D066126,0.419444422
8808730_0,8808730_0_3,79,88,D003520,0.419383757
8160791_1,8160791_1_3,107,112,D006152,0.419356881
3708328_2,3708328_2_1,42,47,D010862,0.419305932
3746148_3,3746148_3_1,43,49,D003324,0.419292434
24535067_2,24535067_2_0,45,54,D010146,0.419247274
1858969_0,1858969_0_3,41,46,D004049,0.419217193
2383364_1,2383364_1_3,95,100,D012837,0.419021903
1359137_1,1359137_1_7,40,47,D011618,0.41895231
7147232_2,7147232_2_0,203,209,D009599,0.418825558
10390729_1,10390729_1_5,51,56,D011188,0.418759468
10401555_2,10401555_2_3,76,85,C096012,0.418639451
6453500_0,6453500_0_6,9,14,D004221,0.418558523
19681452_0,19681452_0_4,30,37,D003042,0.418555052
2217015_0,2217015_0_6,13,23,D051437,0.418391153
3708328_1,3708328_1_5,97,110,D018698,0.418363154
8135424_3,8135424_3_3,83,88,D012640,0.418057959
3423103_1,3423103_1_2,74,82,D015116,0.417828985
35781_1,35781_1_3,39,52,D009638,0.417770903
24114426_0,24114426_0_0,36,44,D018817,0.417648995
3987172_2,3987172_2_4,68,81,D010665,0.417499018
24684312_2,24684312_2_3,113,118,D018698,0.417313624
24068571_0,24068571_0_1,5,10,D011183,0.417248451
6310832_1,6310832_1_3,11,19,D016572,0.417096528
9323412_0,9323412_0_3,113,126,D015742,0.4170145
3833372_0,3833372_0_0,50,57,D013999,0.416996861
24927617_1,24927617_1_3,146,154,D019821,0.416782431
11380496_3,11380496_3_3,51,56,D011441,0.416774361
23949582_2,23949582_2_3,3,8,D007069,0.416433465
1280707_1,1280707_1_0,11,21,D011374,0.416428834
8659767_1,8659767_1_6,125,133,D004837,0.41635417
9889429_0,9889429_0_3,67,74,D002118,0.41584264
24587916_1,24587916_1_7,75,80,D003907,0.415570518
8819482_4,8819482_4_6,11,23,D007545,0.415418439
3383127_1,3383127_1_6,21,26,D007022,0.415320983
3746148_1,3746148_1_2,59,67,D003866,0.415256812
3895875_0,3895875_0_1,28,38,D009203,0.414810229
24588023_0,24588023_0_3,4,13,D014148,0.414512354
24659727_0,24659727_0_2,11,19,D003520,0.414495021
9759693_0,9759693_0_7,23,28,D012701,0.414487674
8985298_1,8985298_1_6,26,31,D019259,0.414448168
44072_1,44072_1_3,89,99,C024986,0.413846565
1556529_0,1556529_0_6,33,38,D000163,0.41362739
2767010_2,2767010_2_3,27,31,D001145,0.413394236
9889429_0,9889429_0_4,27,36,D006973,0.413244826
8996419_0,8996419_0_2,78,86,D011374,0.412984413
24283660_0,24283660_0_5,131,138,D004830,0.41297497
24975837_2,24975837_2_3,42,49,D009336,0.412848846
1280707_2,1280707_2_7,7,12,D002045,0.412671607
2904523_0,2904523_0_7,3,8,D004837,0.412442237
3538855_1,3538855_1_3,51,64,D003404,0.412385205
753803_1,753803_1_7,132,139,D009135,0.41228576
3533179_3,3533179_3_5,157,162,D007153,0.412249958
1858969_0,1858969_0_3,4,8,D004660,0.412129745
11988250_0,11988250_0_5,10,15,D007052,0.41200912
8957205_0,8957205_0_2,2,10,D000324,0.411871697
6585590_1,6585590_1_6,125,131,D004317,0.411813672
3895875_0,3895875_0_1,28,38,D009203,0.411614967
6299641_2,6299641_2_2,21,31,D001285,0.411561901
8312983_1,8312983_1_7,30,38,D003693,0.411398481
1837756_0,1837756_0_2,1,11,D012701,0.411385053
7176945_0,7176945_0_3,25,30,D013390,0.411341038
6585590_1,6585590_1_0,65,70,D004317,0.411333401
6310832_3,6310832_3_3,45,54,D016572,0.410889488
9646784_0,9646784_0_3,28,33,D006493,0.410862826
12359538_0,12359538_0_3,43,51,D009203,0.410855966
7931490_1,7931490_1_1,102,107,D014839,0.410540187
24100055_0,24100055_0_7,5,10,D006493,0.410396418
24588023_1,24588023_1_3,20,25,D012640,0.410300292
9646784_1,9646784_1_5,30,40,D004342,0.410292898
8392553_4,8392553_4_2,16,24,D004837,0.410028268
8755612_2,8755612_2_5,27,33,D006470,0.40996531
2553470_2,2553470_2_3,23,36,D008094,0.409726233
6310832_3,6310832_3_0,8,16,D059413,0.409538582
24438483_2,24438483_2_0,19,29,D006323,0.409489989
8667442_2,8667442_2_3,83,87,D006934,0.409446942
24114426_2,24114426_2_2,58,63,D010554,0.409208605
1451544_0,1451544_0_4,28,33,D017275,0.408904516
2400986_2,2400986_2_6,37,47,D002493,0.408818401
9869655_2,9869655_2_6,26,34,D002635,0.408722477
11401944_0,11401944_0_7,86,91,D016171,0.408632363
2904523_1,2904523_1_3,106,110,D004837,0.408499284
10401555_1,10401555_1_3,10,19,D006930,0.408396435
24459006_0,24459006_0_0,30,35,D015725,0.408361817
8659767_2,8659767_2_3,25,34,D017180,0.407896865
1423336_0,1423336_0_3,54,62,D007980,0.407795874
146391_2,146391_2_5,2,7,D008206,0.4076289
19681452_0,19681452_0_4,30,37,D003042,0.40760296
1359137_0,1359137_0_3,1,8,D014150,0.407427902
23871786_0,23871786_0_0,6,14,C006780,0.407326123
19681452_1,19681452_1_5,40,48,D012131,0.407309301
24588023_3,24588023_3_0,30,38,D012640,0.407155537
8829135_2,8829135_2_0,6,11,D000647,0.406949057
3383127_0,3383127_0_3,11,16,D066126,0.406803864
6106951_2,6106951_2_3,17,22,D010433,0.406727278
2983630_2,2983630_2_3,50,59,D002110,0.406602621
24438483_2,24438483_2_1,94,99,D002045,0.406345864
8808730_1,8808730_1_3,162,171,D003520,0.406005175
3088653_1,3088653_1_4,12,17,D000647,0.405622066
24778426_2,24778426_2_3,6,11,D002945,0.405504759
24897009_0,24897009_0_1,6,14,D010523,0.405340959
3475563_0,3475563_0_1,63,76,D002180,0.405322612
3685052_0,3685052_0_0,42,51,D012970,0.405105448
2614930_0,2614930_0_6,14,19,D009422,0.405061527
24975837_0,24975837_0_3,79,84,D007683,0.404858861
24587916_1,24587916_1_0,124,129,D006861,0.404822552
8135424_1,8135424_1_0,29,36,D003042,0.404556139
10327032_1,10327032_1_5,103,110,D001424,0.404542235
12678199_0,12678199_0_1,1,9,D000638,0.404464881
146391_1,146391_1_3,77,87,D010672,0.40434369
23871786_1,23871786_1_6,10,15,C006780,0.404267315
6310832_4,6310832_4_5,114,119,D016572,0.404174973
12059909_1,12059909_1_4,67,72,D003556,0.403794587
26115410_1,26115410_1_2,31,39,D009369,0.403565185
23952588_1,23952588_1_3,187,200,D004409,0.403135129
10939760_1,10939760_1_1,2,12,D051437,0.40311377
2131034_1,2131034_1_6,77,81,D020258,0.403077355
3155884_1,3155884_1_3,18,25,D007545,0.402961047
20009434_0,20009434_0_1,28,32,D008727,0.40286819
3074291_0,3074291_0_5,29,37,D001249,0.40286073
1779253_0,1779253_0_6,61,70,D051474,0.40271411
2974281_0,2974281_0_6,24,29,D006332,0.40269143
19681452_0,19681452_0_6,64,71,D002545,0.402573603
24158386_0,24158386_0_0,106,113,D064420,0.40247388
2453942_0,2453942_0_2,70,77,D001556,0.40226271
8312343_1,8312343_1_2,191,198,D015774,0.402126275
6615679_0,6615679_0_1,5,13,D001919,0.402084858
17554526_1,17554526_1_4,55,63,D001925,0.401861428
3323259_1,3323259_1_3,2,7,D004110,0.401752718
11423811_0,11423811_0_1,26,31,D002637,0.40169883
7173007_2,7173007_2_4,27,32,D000100,0.401543773
24100055_0,24100055_0_2,10,20,D013921,0.401535687
6687006_2,6687006_2_2,3,11,C012102,0.400763081
7248895_2,7248895_2_2,76,85,D003520,0.400648283
25006961_3,25006961_3_5,3,8,D008094,0.400547199
7644931_1,7644931_1_3,137,149,D017239,0.400372038
24975837_1,24975837_1_1,54,60,D058186,0.400156729
3297909_0,3297909_0_3,34,38,D013827,0.400086803
9759693_0,9759693_0_4,113,121,D003329,0.39860435
10390729_0,10390729_0_1,53,62,D011803,0.39834541
24733133_1,24733133_1_6,20,25,D055499,0.397161917
2614930_0,2614930_0_0,1,9,D009543,0.397050992
8188982_1,8188982_1_3,16,24,D009599,0.396957382
24653743_1,24653743_1_2,50,58,C042288,0.395686966
24595967_0,24595967_0_3,66,73,D018817,0.394761436
11474137_1,11474137_1_2,21,30,D013481,0.39438034
48835_0,48835_0_5,157,162,D011433,0.391513994
24727461_2,24727461_2_7,12,17,C005975,0.389165467
24971338_2,24971338_2_5,31,44,D020123,0.38815999
24897009_0,24897009_0_1,6,14,D010523,0.387167632
24100257_0,24100257_0_7,66,71,D054058,0.386565483
2904523_0,2904523_0_7,3,8,D004837,0.385506339
3191389_3,3191389_3_0,28,36,D010862,0.383611311
24778426_2,24778426_2_0,62,71,D006258,0.382598642
3323259_1,3323259_1_3,2,7,D004110,0.381512603
4082466_0,4082466_0_3,6,16,D012640,0.377594053
8748050_1,8748050_1_1,27,37,D004298,0.37687502
7121659_0,7121659_0_6,17,25,D051437,0.376258436
24190587_2,24190587_2_5,11,19,D018817,0.370761408
2904523_1,2904523_1_3,106,110,D004837,0.368052844
3155884_1,3155884_1_7,95,103,D005947,0.367548925
24778426_2,24778426_2_3,6,11,D002945,0.367451228
8188982_0,8188982_0_5,36,41,D001127,0.365286914
1158089_1,1158089_1_2,97,105,D013752,0.365192933
24641119_0,24641119_0_6,24,29,D003875,0.364652439
11395263_0,11395263_0_3,123,131,D007545,0.363794353
3925479_0,3925479_0_7,79,86,D002375,0.360733376
9158667_2,9158667_2_7,70,75,D013927,0.359149435
2320485_1,2320485_1_4,25,35,D013575,0.354884809
1655018_1,1655018_1_2,91,99,D000305,0.352664393
2383364_2,2383364_2_1,9,15,C048279,0.352637567
11229942_2,11229942_2_0,15,20,D000431,0.350199688
